TransactionID,id_01,id_02,id_12,id_15,id_31,DeviceType,DeviceInfo
2991642,,145172.37,NotFound,nan,chrome,desktop,MacOS
2987637,-5.0,645356.36,NotFound,nan,chrome,mobile,nan
2990254,-10.0,166870.64,NotFound,Unknown,safari,desktop,MacOS
2991584,0.0,322003.87,NotFound,New,chrome,desktop,Windows
2991495,0.0,141001.12,NotFound,New,chrome,desktop,MacOS
2988943,-5.0,102600.1,NotFound,New,chrome,mobile,iOS Device
2987597,0.0,,nan,Found,safari,desktop,Windows
2988947,0.0,149875.44,NotFound,Found,safari,desktop,MacOS
2991375,0.0,282710.87,NotFound,Found,chrome,desktop,Windows
2987072,-100.0,,NotFound,New,safari,desktop,Windows
2988048,0.0,193279.03,NotFound,New,chrome,desktop,Windows
2987202,0.0,206353.7,NotFound,Unknown,safari,desktop,Windows
2991883,,312206.74,NotFound,New,chrome,desktop,Windows
2991394,-100.0,397066.67,NotFound,New,safari,mobile,Windows
2991765,0.0,,NotFound,Found,chrome,desktop,Windows
2989196,,128094.02,NotFound,nan,chrome,desktop,MacOS
2991868,-10.0,74663.66,Found,nan,chrome,mobile,MacOS
2989004,,215788.9,nan,Unknown,edge,mobile,Trident
2990977,-10.0,108018.63,Found,Found,safari,desktop,iOS Device
2990602,0.0,255984.21,NotFound,New,safari,desktop,Windows
2988066,,195307.72,NotFound,New,chrome,desktop,Windows
2987870,,43615.56,NotFound,New,chrome,desktop,MacOS
2989450,0.0,53675.33,NotFound,New,chrome,desktop,Windows
2990639,,49558.69,nan,New,chrome,desktop,Windows
2991280,0.0,472.93,NotFound,Found,chrome,desktop,MacOS
2991828,0.0,4155.35,NotFound,New,chrome,desktop,Windows
2987772,-20.0,46078.57,NotFound,New,safari,desktop,Windows
2988228,0.0,136441.57,Found,Found,chrome,desktop,MacOS
2990824,0.0,21472.07,NotFound,New,chrome,desktop,Windows
2987411,0.0,132646.66,NotFound,New,chrome,desktop,Windows
2989864,0.0,119067.54,NotFound,New,chrome,desktop,Windows
2988663,-100.0,351022.9,NotFound,Found,edge,desktop,Windows
2989371,0.0,175452.4,NotFound,Found,chrome,desktop,Windows
2987825,,495819.74,Found,nan,chrome,desktop,Windows
2990067,-10.0,126582.46,Found,Found,chrome,mobile,iOS Device
2989834,0.0,234821.79,Found,New,chrome,desktop,MacOS
2988272,,127635.6,NotFound,Found,chrome,desktop,Windows
2988911,-10.0,413804.44,Found,New,safari,mobile,Windows
2991556,0.0,176709.52,NotFound,New,chrome,desktop,MacOS
2987863,-10.0,50184.27,NotFound,Found,ie,desktop,Windows
2990829,0.0,308487.73,NotFound,New,safari,desktop,MacOS
2991650,-100.0,293781.47,NotFound,Found,nan,mobile,nan
2988813,0.0,168582.31,NotFound,Found,chrome,desktop,MacOS
2988275,,109248.04,NotFound,Found,chrome,desktop,iOS Device
2991658,0.0,,Found,nan,chrome,desktop,Windows
2987587,0.0,,Found,New,safari,desktop,Windows
2990671,-5.0,109522.08,Found,New,chrome,mobile,MacOS
2991850,0.0,487853.68,NotFound,Found,safari,desktop,Windows
2989290,0.0,21886.74,Found,Found,chrome,desktop,Samsung
2990414,0.0,971722.47,NotFound,nan,chrome,desktop,Windows
2990431,0.0,3559.51,NotFound,New,safari,desktop,MacOS
2988100,0.0,60343.64,Found,New,safari,desktop,MacOS
2989803,-5.0,38888.06,Found,nan,edge,desktop,iOS Device
2990341,-5.0,403897.82,NotFound,Unknown,edge,mobile,Windows
2991507,0.0,,NotFound,Found,chrome,desktop,Windows
2988819,-10.0,119836.21,Found,New,safari,mobile,Trident
2989583,0.0,7685.18,NotFound,Found,safari,desktop,Windows
2989386,0.0,44736.31,Found,New,chrome,desktop,Windows
2991370,-5.0,357587.67,NotFound,nan,chrome,mobile,MacOS
2988692,0.0,121500.65,NotFound,New,safari,desktop,Windows
2989310,0.0,17676.33,Found,Found,chrome,desktop,MacOS
2990759,0.0,168340.09,NotFound,New,chrome,desktop,Windows
2988338,0.0,100328.34,NotFound,New,safari,desktop,Windows
2987768,0.0,191697.89,NotFound,Found,chrome,desktop,Windows
2989717,0.0,,Found,Found,safari,desktop,Windows
2990158,0.0,134583.53,NotFound,New,chrome,desktop,MacOS
2990376,-10.0,,NotFound,Found,firefox,mobile,iOS Device
2990710,-20.0,99985.56,NotFound,New,nan,desktop,iOS Device
2987594,0.0,,NotFound,New,safari,desktop,MacOS
2990502,0.0,101915.02,NotFound,New,chrome,desktop,Windows
2991350,,128502.45,Found,New,safari,desktop,Windows
2990705,,84679.62,Found,New,chrome,desktop,MacOS
2991073,0.0,51997.17,NotFound,New,safari,desktop,Windows
2990540,-10.0,159386.51,Found,Found,chrome,mobile,iOS Device
2991539,0.0,915.71,nan,New,chrome,desktop,Windows
2988234,0.0,,NotFound,Found,chrome,desktop,Windows
2990712,,,NotFound,Found,chrome,desktop,Windows
2987233,0.0,77688.07,Found,Found,chrome,desktop,MacOS
2989678,-100.0,61675.37,Found,New,chrome,mobile,nan
2987282,0.0,259572.08,NotFound,New,chrome,desktop,MacOS
2989299,0.0,20209.72,NotFound,Found,safari,desktop,MacOS
2991623,-5.0,184329.89,Found,Found,chrome,desktop,Trident
2991763,-5.0,,NotFound,New,firefox,desktop,iOS Device
2990259,0.0,13131.4,NotFound,nan,safari,desktop,Windows
2988763,0.0,71194.33,Found,New,safari,desktop,Windows
2991079,0.0,47995.04,Found,New,safari,desktop,Windows
2991376,0.0,277437.53,NotFound,New,chrome,desktop,Windows
2989331,-10.0,,Found,Found,nan,desktop,iOS Device
2990719,0.0,202759.6,Found,New,chrome,desktop,Windows
2988878,0.0,93511.36,Found,New,chrome,desktop,Windows
2988956,0.0,17869.7,Found,New,chrome,desktop,MacOS
2989937,,121970.39,NotFound,New,chrome,desktop,Windows
2989134,0.0,54725.18,NotFound,Unknown,chrome,desktop,Windows
2990515,,40438.56,NotFound,nan,chrome,desktop,MacOS
2991851,0.0,120086.13,NotFound,New,chrome,desktop,Windows
2990443,0.0,12798.16,Found,New,chrome,desktop,Windows
2988852,-5.0,378000.54,Found,Found,chrome,desktop,Windows
2988950,0.0,83295.36,NotFound,nan,chrome,desktop,Windows
2989500,0.0,53826.3,nan,New,chrome,desktop,MacOS
2988854,-100.0,99316.33,NotFound,Found,chrome,mobile,nan
2991141,-50.0,64970.75,NotFound,Unknown,nan,mobile,iOS Device
2988222,0.0,115638.01,NotFound,New,chrome,desktop,Windows
2987659,-5.0,155612.86,NotFound,New,chrome,desktop,Windows
2989487,0.0,519070.55,NotFound,New,chrome,desktop,Windows
2990427,,98112.26,Found,nan,chrome,desktop,Windows
2991275,-5.0,262893.47,Found,New,chrome,desktop,iOS Device
2989120,0.0,157692.44,NotFound,Found,safari,desktop,Windows
2987976,-100.0,152461.39,NotFound,Found,safari,desktop,Samsung
2991514,0.0,91554.65,NotFound,New,chrome,desktop,Windows
2990643,-5.0,55446.18,NotFound,Found,chrome,desktop,Windows
2991881,0.0,3406.69,Found,Found,chrome,desktop,Windows
2987849,0.0,57816.23,Found,New,chrome,desktop,Windows
2988019,0.0,274931.57,NotFound,New,chrome,desktop,Windows
2989076,0.0,24975.26,Found,Found,chrome,desktop,Windows
2988264,0.0,71775.13,NotFound,Found,chrome,desktop,Windows
2988649,0.0,83362.3,Found,Found,chrome,desktop,Windows
2991241,-5.0,118118.07,NotFound,New,chrome,desktop,Windows
2989030,0.0,27085.48,Found,Found,chrome,desktop,MacOS
2990664,0.0,356843.39,NotFound,New,chrome,desktop,Windows
2991273,0.0,,NotFound,New,chrome,desktop,MacOS
2987204,0.0,79289.77,Found,New,chrome,desktop,Windows
2987114,,328386.99,nan,New,safari,desktop,MacOS
2989835,,115789.73,Found,New,safari,desktop,Windows
2990391,0.0,355333.35,Found,New,chrome,desktop,Windows
2988593,-20.0,73488.16,Found,Found,nan,mobile,iOS Device
2989760,-20.0,61017.37,NotFound,Found,safari,desktop,iOS Device
2991627,0.0,1980.18,NotFound,New,chrome,desktop,Windows
2987175,0.0,68267.65,Found,nan,safari,desktop,Windows
2989649,0.0,,Found,Found,chrome,desktop,Windows
2991268,0.0,88099.12,NotFound,Found,safari,desktop,Windows
2988238,,191733.29,Found,New,chrome,desktop,Windows
2991349,-20.0,128630.72,NotFound,Found,chrome,mobile,Windows
2990466,-5.0,183039.22,NotFound,New,chrome,mobile,MacOS
2991974,0.0,15867.92,Found,Found,safari,desktop,Windows
2988156,-10.0,16378.04,NotFound,New,nan,desktop,Windows
2987570,-10.0,64835.05,Found,Found,firefox,desktop,Windows
2988172,0.0,167695.57,NotFound,New,chrome,desktop,MacOS
2991240,-100.0,258684.97,Found,nan,chrome,mobile,iOS Device
2991203,-10.0,32245.79,NotFound,New,chrome,desktop,iOS Device
2989681,0.0,5657.28,NotFound,New,chrome,desktop,MacOS
2990586,-10.0,229174.69,NotFound,New,edge,desktop,iOS Device
2987135,0.0,65141.26,NotFound,Found,chrome,desktop,Windows
2988914,0.0,,NotFound,Found,chrome,desktop,Windows
2988976,0.0,5100.0,NotFound,nan,safari,desktop,MacOS
2990598,0.0,,NotFound,New,chrome,desktop,Windows
2988025,-5.0,125862.48,NotFound,New,safari,mobile,Windows
2989740,,179308.49,NotFound,New,chrome,desktop,Windows
2988547,,114116.47,Found,Found,chrome,desktop,MacOS
2989862,,2217.78,NotFound,Found,safari,desktop,Windows
2988986,0.0,,NotFound,Found,safari,desktop,Windows
2988748,0.0,97754.45,Found,New,chrome,desktop,Windows
2990838,-10.0,323865.95,Found,New,chrome,mobile,Windows
2991045,0.0,242906.06,Found,New,chrome,desktop,Windows
2989847,0.0,12830.42,Found,New,chrome,desktop,Windows
2991070,0.0,33000.86,NotFound,nan,chrome,desktop,MacOS
2990799,-10.0,67568.64,Found,New,edge,mobile,Windows
2990866,-5.0,94375.7,NotFound,nan,safari,desktop,nan
2991097,-5.0,36220.68,NotFound,New,safari,mobile,iOS Device
2991743,0.0,128725.21,nan,New,chrome,desktop,Windows
2989663,0.0,629006.91,Found,Found,chrome,desktop,MacOS
2990157,-100.0,41421.11,nan,New,chrome,mobile,Samsung
2990484,-100.0,45899.49,NotFound,nan,opera,mobile,iOS Device
2990143,0.0,23410.96,Found,New,chrome,desktop,MacOS
2988978,0.0,245163.02,Found,New,chrome,desktop,Windows
2987882,0.0,11778.3,NotFound,Found,chrome,desktop,MacOS
2987014,0.0,67842.58,NotFound,New,safari,desktop,MacOS
2991824,0.0,,NotFound,nan,chrome,desktop,Windows
2987992,0.0,10499.38,NotFound,New,chrome,desktop,Windows
2989902,0.0,,NotFound,Found,chrome,desktop,Windows
2990051,0.0,122468.18,NotFound,Found,chrome,desktop,MacOS
2991287,-50.0,186041.93,NotFound,Found,chrome,mobile,iOS Device
2991908,0.0,109504.56,NotFound,New,chrome,desktop,Windows
2987320,0.0,,Found,Found,chrome,desktop,Windows
2988303,-5.0,210931.55,NotFound,Found,edge,desktop,Windows
2987792,0.0,83201.99,NotFound,Found,chrome,desktop,MacOS
2989987,-20.0,32998.0,NotFound,New,edge,desktop,MacOS
2989570,0.0,81184.68,NotFound,New,chrome,desktop,Windows
2989685,0.0,38740.62,NotFound,New,chrome,desktop,Windows
2988979,-10.0,120122.04,NotFound,Unknown,safari,mobile,Samsung
2988665,,135165.19,NotFound,New,firefox,desktop,iOS Device
2987305,0.0,493047.54,Found,New,safari,desktop,Windows
2987644,-100.0,238937.77,NotFound,New,firefox,mobile,Windows
2987351,0.0,202173.57,Found,New,safari,desktop,MacOS
2989303,0.0,,nan,Unknown,chrome,desktop,Windows
2989305,0.0,67765.22,NotFound,New,chrome,desktop,Windows
2987029,0.0,173973.25,NotFound,New,chrome,desktop,Windows
2987814,0.0,66372.78,Found,New,chrome,desktop,Windows
2989580,0.0,168347.17,nan,Found,chrome,desktop,Windows
2991784,0.0,442650.53,Found,New,chrome,desktop,Windows
2989226,,52884.03,NotFound,New,chrome,desktop,Windows
2991685,-10.0,497.64,NotFound,New,chrome,desktop,Windows
2990496,0.0,243156.71,NotFound,New,chrome,desktop,Windows
2991013,,13288.58,NotFound,Found,chrome,desktop,MacOS
2988123,-10.0,35560.43,NotFound,Found,safari,desktop,Windows
2990282,0.0,469158.48,Found,New,chrome,desktop,Windows
2991782,-100.0,,NotFound,Found,safari,nan,MacOS
2988592,0.0,59624.21,NotFound,New,safari,desktop,MacOS
2989934,-100.0,23870.12,NotFound,Found,chrome,mobile,nan
2990695,0.0,90566.55,Found,New,chrome,desktop,Windows
2988843,0.0,190651.5,Found,Found,chrome,desktop,MacOS
2987827,-10.0,196221.02,Found,nan,safari,desktop,MacOS
2989542,0.0,811801.8,Found,New,chrome,desktop,MacOS
2990417,0.0,63632.86,NotFound,Found,chrome,desktop,Windows
2989518,-50.0,17183.85,NotFound,New,chrome,mobile,iOS Device
2987254,0.0,94272.75,Found,Found,safari,desktop,Windows
2987548,0.0,2989.28,NotFound,Found,chrome,desktop,Windows
2991296,0.0,34753.57,NotFound,New,chrome,desktop,Windows
2989402,0.0,,Found,New,chrome,desktop,Windows
2991279,-100.0,28636.35,NotFound,nan,nan,mobile,Samsung
2990434,,98728.29,Found,New,chrome,desktop,Windows
2989459,0.0,166482.88,NotFound,Found,chrome,desktop,Windows
2988733,0.0,4580.15,Found,nan,chrome,desktop,Windows
2991595,,169461.0,Found,Found,safari,desktop,MacOS
2990669,-50.0,,Found,New,chrome,mobile,nan
2987981,-100.0,830.82,Found,New,chrome,mobile,iOS Device
2987311,0.0,24997.36,NotFound,Found,chrome,desktop,Windows
2988415,,165159.4,Found,Found,chrome,desktop,MacOS
2989383,0.0,61011.29,Found,New,chrome,desktop,MacOS
2990126,0.0,107211.16,NotFound,Found,chrome,desktop,Windows
2987851,0.0,345970.38,Found,Found,chrome,desktop,MacOS
2990203,0.0,68646.6,NotFound,New,chrome,desktop,MacOS
2991517,0.0,36166.78,Found,Found,chrome,desktop,Windows
2987626,-5.0,49056.16,NotFound,Found,nan,desktop,MacOS
2989603,0.0,,NotFound,New,chrome,desktop,Windows
2989772,-20.0,,nan,New,chrome,mobile,iOS Device
2987854,-10.0,,Found,New,safari,mobile,Windows
2990662,-20.0,325647.57,Found,nan,chrome,desktop,iOS Device
2989714,0.0,41211.51,NotFound,Unknown,chrome,desktop,MacOS
2987297,0.0,52621.26,Found,Found,chrome,desktop,Windows
2989524,-100.0,113703.45,NotFound,Found,nan,mobile,nan
2988081,,14327.9,nan,Found,chrome,desktop,Windows
2987857,0.0,65987.16,Found,New,chrome,desktop,Windows
2987019,0.0,14162.23,NotFound,New,safari,desktop,Windows
2990626,-5.0,2702.66,Found,New,edge,desktop,iOS Device
2988741,0.0,48345.1,NotFound,New,safari,desktop,MacOS
2987536,0.0,392659.32,NotFound,nan,safari,desktop,Windows
2990098,0.0,202125.71,NotFound,Found,safari,desktop,Windows
2990413,0.0,223490.79,NotFound,Found,chrome,desktop,Windows
2989820,0.0,291737.33,NotFound,Found,chrome,desktop,MacOS
2991115,-5.0,225738.49,NotFound,New,chrome,mobile,iOS Device
2990352,,93507.65,Found,nan,chrome,desktop,Windows
2988869,,302332.78,NotFound,New,firefox,desktop,Windows
2991308,0.0,123282.78,NotFound,New,safari,desktop,iOS Device
2989887,,356180.22,NotFound,nan,chrome,desktop,Windows
2988254,-5.0,,NotFound,Unknown,ie,desktop,iOS Device
2988801,0.0,104406.43,Found,Found,chrome,desktop,Windows
2989049,,230115.24,NotFound,New,nan,mobile,Samsung
2990442,0.0,90228.93,NotFound,Found,chrome,desktop,MacOS
2990960,-5.0,99650.24,Found,Found,nan,nan,iOS Device
2991810,-100.0,1021.67,Found,New,chrome,desktop,iOS Device
2987997,0.0,59173.5,NotFound,New,chrome,desktop,MacOS
2988811,-10.0,,NotFound,Found,chrome,desktop,LG
2990642,-10.0,21277.52,NotFound,New,safari,mobile,iOS Device
2989335,0.0,215325.21,Found,Found,chrome,desktop,Windows
2988083,0.0,,NotFound,New,safari,desktop,Windows
2987914,-100.0,4248.57,NotFound,New,chrome,mobile,Samsung
2990784,-5.0,127217.98,NotFound,New,chrome,desktop,Windows
2991317,-100.0,37257.56,Found,Unknown,nan,mobile,iOS Device
2987208,-100.0,20894.8,Found,New,chrome,desktop,Windows
2991130,,84159.76,NotFound,New,chrome,desktop,MacOS
2991670,-5.0,241845.43,NotFound,Found,chrome,desktop,Samsung
2989612,0.0,182214.62,Found,Found,safari,desktop,MacOS
2991822,0.0,16189.64,NotFound,Found,chrome,desktop,MacOS
2991038,,89990.07,NotFound,New,safari,desktop,iOS Device
2988599,0.0,3090.23,Found,Found,safari,desktop,MacOS
2990375,0.0,86084.77,NotFound,nan,chrome,desktop,MacOS
2990833,-100.0,,NotFound,Found,safari,nan,Samsung
2991179,0.0,169940.2,nan,New,safari,desktop,MacOS
2989145,0.0,60350.72,nan,New,safari,mobile,iOS Device
2987538,0.0,100245.99,Found,Found,safari,desktop,MacOS
2991436,0.0,105964.46,NotFound,Found,chrome,desktop,Windows
2987148,-5.0,221132.93,Found,New,chrome,desktop,Windows
2991501,0.0,114055.97,NotFound,nan,chrome,desktop,Windows
2989953,-5.0,129254.29,NotFound,nan,chrome,desktop,iOS Device
2991755,0.0,15294.53,NotFound,New,chrome,desktop,MacOS
2989811,0.0,117089.95,Found,Found,chrome,desktop,Windows
2991884,-100.0,10383.42,Found,New,nan,mobile,MacOS
2987749,0.0,450767.88,NotFound,New,chrome,desktop,Windows
2990330,0.0,55806.55,NotFound,Found,chrome,desktop,Windows
2987450,-10.0,177447.35,NotFound,New,chrome,desktop,MacOS
2989958,-5.0,94752.74,NotFound,Unknown,safari,mobile,iOS Device
2988324,0.0,,NotFound,Unknown,safari,desktop,Windows
2990683,-5.0,152354.81,NotFound,New,chrome,desktop,MacOS
2991736,0.0,84726.74,NotFound,New,chrome,desktop,Windows
2988460,-50.0,12967.18,NotFound,Found,nan,mobile,Samsung
2987777,0.0,118366.74,Found,New,chrome,desktop,Windows
2990618,0.0,72419.16,Found,Found,chrome,desktop,Windows
2988437,0.0,,Found,New,chrome,desktop,Windows
2991636,0.0,,Found,Found,chrome,desktop,Windows
2990738,-100.0,67292.86,nan,New,chrome,mobile,Windows
2989285,0.0,,NotFound,New,safari,desktop,MacOS
2988332,0.0,86854.36,Found,New,safari,desktop,Windows
2989212,-5.0,66205.2,Found,New,edge,mobile,nan
2991228,-10.0,27555.18,NotFound,Found,chrome,mobile,nan
2990921,0.0,,NotFound,Found,chrome,desktop,Windows
2991688,-10.0,17092.45,nan,New,edge,desktop,Windows
2991301,0.0,188235.65,NotFound,New,chrome,desktop,Windows
2991201,-20.0,398578.66,NotFound,New,nan,nan,MacOS
2988471,0.0,16496.35,NotFound,New,chrome,desktop,MacOS
2988840,-100.0,83750.68,NotFound,nan,nan,mobile,Samsung
2991704,,2435.6,NotFound,New,firefox,mobile,Windows
2988498,0.0,,Found,Found,chrome,desktop,Windows
2991119,0.0,56427.74,NotFound,nan,chrome,desktop,Windows
2987859,0.0,66887.46,NotFound,New,safari,desktop,MacOS
2990612,0.0,161735.98,Found,Found,chrome,desktop,Windows
2988316,0.0,58302.59,NotFound,nan,safari,desktop,MacOS
2988995,0.0,11334.11,Found,New,chrome,desktop,Windows
2989158,0.0,113328.59,NotFound,nan,safari,desktop,Windows
2991799,0.0,130431.89,Found,New,chrome,desktop,Windows
2987463,-5.0,,NotFound,New,chrome,mobile,iOS Device
2988918,,958403.63,Found,New,chrome,desktop,Windows
2988689,-20.0,46043.47,Found,Found,chrome,desktop,Windows
2989169,0.0,307901.81,Found,New,chrome,desktop,Windows
2987063,0.0,67657.49,NotFound,Found,chrome,desktop,Windows
2991568,0.0,,NotFound,New,chrome,desktop,MacOS
2991858,0.0,223142.95,Found,New,chrome,desktop,Windows
2991616,,537701.74,Found,Found,safari,desktop,MacOS
2991545,-10.0,134321.39,Found,Unknown,chrome,nan,LG
2988331,0.0,218246.41,NotFound,New,chrome,desktop,Windows
2988062,-20.0,11043.41,Found,Found,chrome,mobile,Windows
2987512,,345814.36,NotFound,Found,safari,desktop,Windows
2988712,-5.0,118245.4,nan,Found,nan,mobile,Samsung
2988557,,473629.74,NotFound,New,chrome,desktop,Windows
2991124,-20.0,357159.48,Found,nan,chrome,desktop,Windows
2989240,-100.0,112447.9,NotFound,Found,edge,desktop,iOS Device
2987261,0.0,139232.38,NotFound,New,chrome,desktop,MacOS
2990411,-100.0,38162.76,NotFound,New,chrome,desktop,LG
2989281,0.0,,Found,New,chrome,desktop,Windows
2991382,-100.0,,nan,New,nan,mobile,iOS Device
2987936,-50.0,27537.11,NotFound,New,opera,mobile,iOS Device
2987801,-5.0,120052.01,Found,Unknown,edge,desktop,MacOS
2991105,0.0,,Found,Unknown,chrome,desktop,MacOS
2990509,-10.0,76859.46,NotFound,Found,chrome,desktop,Windows
2988673,,,NotFound,nan,chrome,desktop,MacOS
2991433,-10.0,52331.83,NotFound,Found,safari,nan,Windows
2987407,0.0,178241.53,NotFound,Unknown,chrome,desktop,Windows
2989095,0.0,74656.8,NotFound,Unknown,safari,desktop,Windows
2991227,-10.0,,Found,Found,safari,mobile,Windows
2988247,-10.0,103209.09,Found,New,chrome,desktop,MacOS
2988383,-5.0,78840.28,NotFound,New,nan,mobile,MacOS
2987765,-10.0,322924.16,Found,New,chrome,desktop,nan
2989727,0.0,41528.02,NotFound,Found,safari,desktop,Windows
2987119,-20.0,14893.42,NotFound,nan,chrome,mobile,Windows
2989354,-5.0,153294.83,NotFound,New,firefox,desktop,nan
2990165,0.0,485457.5,Found,Found,chrome,desktop,Windows
2988928,,,NotFound,Unknown,chrome,desktop,MacOS
2988909,0.0,36942.78,NotFound,New,chrome,desktop,Windows
2991396,-5.0,19373.98,nan,Found,safari,mobile,iOS Device
2991089,-10.0,,Found,New,nan,desktop,MacOS
2988326,-5.0,354053.75,Found,New,chrome,mobile,MacOS
2990233,-5.0,186277.35,Found,New,edge,nan,Windows
2989382,0.0,244787.96,Found,New,chrome,desktop,Windows
2990847,-100.0,190878.16,Found,Found,safari,mobile,iOS Device
2990409,0.0,270679.92,NotFound,Found,chrome,desktop,Windows
2987599,,38466.11,NotFound,New,chrome,desktop,Windows
2987614,0.0,,Found,New,safari,desktop,Windows
2991641,0.0,390055.81,NotFound,Found,chrome,desktop,Windows
2990528,-20.0,388208.42,Found,New,chrome,desktop,MacOS
2991551,0.0,192230.5,Found,Found,chrome,desktop,Windows
2988752,0.0,45120.22,NotFound,Found,chrome,desktop,MacOS
2988742,-5.0,324669.26,nan,Found,chrome,desktop,Windows
2988302,0.0,463504.17,Found,New,safari,desktop,MacOS
2988786,0.0,453589.82,NotFound,Found,chrome,desktop,Windows
2988590,0.0,14275.64,NotFound,New,chrome,desktop,Windows
2989233,-5.0,124119.29,NotFound,New,ie,mobile,LG
2991003,0.0,84797.97,NotFound,New,safari,desktop,Windows
2991915,0.0,140856.42,Found,New,safari,desktop,Windows
2987270,0.0,65771.5,NotFound,New,chrome,desktop,Windows
2990103,-20.0,62561.34,NotFound,Found,firefox,mobile,nan
2989736,-5.0,310795.84,nan,Found,nan,mobile,nan
2990700,0.0,106101.44,Found,New,chrome,desktop,Windows
2989618,,67942.33,NotFound,Found,chrome,desktop,Windows
2990818,0.0,147216.84,Found,Found,safari,desktop,Windows
2989506,,,NotFound,Unknown,chrome,desktop,Windows
2988857,-10.0,21554.31,NotFound,nan,safari,desktop,Windows
2991899,0.0,,Found,New,chrome,desktop,Windows
2990592,0.0,71819.76,NotFound,Found,chrome,desktop,Windows
2989596,0.0,47560.72,NotFound,New,safari,desktop,Windows
2990310,-5.0,,Found,Found,firefox,mobile,iOS Device
2989670,,32145.59,Found,New,chrome,desktop,MacOS
2990349,0.0,,NotFound,New,chrome,desktop,Windows
2988152,0.0,52911.55,NotFound,New,chrome,desktop,Windows
2989316,0.0,164275.97,NotFound,New,chrome,desktop,Windows
2991955,0.0,44221.47,NotFound,Found,safari,desktop,Windows
2987067,0.0,1416.29,NotFound,Found,chrome,desktop,Windows
2990237,-20.0,240549.86,NotFound,New,chrome,desktop,Windows
2991789,,42489.2,NotFound,Found,chrome,desktop,Windows
2990815,-100.0,11771.89,NotFound,New,opera,mobile,iOS Device
2990161,-20.0,,NotFound,Found,chrome,desktop,MacOS
2988412,0.0,173037.28,Found,nan,chrome,desktop,Windows
2990659,-10.0,107672.28,Found,nan,nan,desktop,iOS Device
2991371,-10.0,805200.44,NotFound,Found,chrome,desktop,LG
2989086,,318274.59,NotFound,New,chrome,desktop,Windows
2990765,0.0,7870.11,Found,Found,chrome,desktop,MacOS
2988657,-100.0,18091.62,Found,Found,nan,mobile,iOS Device
2988017,0.0,103999.98,Found,New,chrome,desktop,Windows
2991680,-100.0,,NotFound,Found,chrome,desktop,Windows
2990184,-50.0,44531.23,NotFound,Found,nan,mobile,Samsung
2989698,-5.0,85273.45,Found,Found,chrome,desktop,Windows
2989821,0.0,220071.6,NotFound,Found,chrome,desktop,MacOS
2987088,,,Found,New,safari,desktop,MacOS
2988390,,17234.63,NotFound,New,chrome,desktop,Windows
2991258,-100.0,243976.78,nan,New,chrome,mobile,Samsung
2987417,,204053.8,Found,New,chrome,desktop,Windows
2987169,0.0,,NotFound,Found,chrome,desktop,Windows
2988157,0.0,47960.26,Found,Found,chrome,desktop,MacOS
2991803,-10.0,9460.5,Found,New,edge,desktop,LG
2991847,0.0,291778.63,NotFound,New,chrome,desktop,Windows
2989052,-5.0,8169.06,NotFound,New,safari,desktop,Windows
2987820,-100.0,222853.99,nan,New,chrome,mobile,nan
2991462,-5.0,17039.5,NotFound,Found,firefox,mobile,Windows
2990324,0.0,182651.06,NotFound,Found,chrome,desktop,MacOS
2989154,-100.0,109223.09,Found,New,chrome,desktop,Windows
2988885,,,NotFound,New,safari,desktop,Windows
2989499,0.0,26559.14,NotFound,New,safari,desktop,Windows
2990463,0.0,37019.46,Found,New,safari,desktop,MacOS
2990704,-20.0,161768.59,nan,New,safari,mobile,Windows
2988576,0.0,94775.34,NotFound,Found,chrome,desktop,Windows
2988479,0.0,92856.73,NotFound,New,chrome,desktop,Windows
2987358,0.0,17395.97,NotFound,Found,chrome,desktop,MacOS
2990620,0.0,24778.91,NotFound,New,safari,desktop,Windows
2991975,0.0,855684.92,NotFound,New,chrome,desktop,Windows
2990211,0.0,65298.37,NotFound,nan,safari,desktop,Windows
2991748,0.0,242275.58,NotFound,New,chrome,desktop,MacOS
2989786,,,NotFound,New,chrome,desktop,MacOS
2988664,-5.0,,Found,nan,safari,desktop,Windows
2991825,-100.0,10514.32,nan,nan,edge,desktop,iOS Device
2988961,,,Found,New,chrome,desktop,Windows
2990059,0.0,180982.21,NotFound,New,chrome,desktop,Windows
2991845,-50.0,15930.64,Found,New,opera,mobile,nan
2991571,0.0,350243.15,nan,Found,chrome,desktop,Windows
2990115,0.0,142498.66,nan,nan,safari,desktop,Windows
2987322,0.0,7431.4,NotFound,nan,chrome,desktop,MacOS
2988379,-20.0,233085.58,Found,New,nan,mobile,Samsung
2991182,-100.0,31940.45,NotFound,Found,nan,mobile,Samsung
2991575,0.0,123772.44,NotFound,Found,chrome,desktop,Windows
2987084,,196681.56,Found,Found,chrome,mobile,MacOS
2991549,0.0,97049.11,NotFound,New,chrome,desktop,MacOS
2987290,0.0,,NotFound,Found,chrome,desktop,Windows
2989815,0.0,83313.06,NotFound,Found,safari,desktop,Windows
2989527,,76500.5,Found,Found,safari,desktop,MacOS
2990307,-50.0,426357.06,NotFound,New,opera,mobile,Samsung
2987219,,33067.12,Found,New,safari,desktop,MacOS
2987665,0.0,117476.51,NotFound,New,chrome,desktop,Windows
2988284,-10.0,,NotFound,nan,nan,desktop,Windows
2988214,0.0,142526.26,NotFound,New,chrome,desktop,Windows
2989152,0.0,,NotFound,Found,safari,desktop,Windows
2987746,-20.0,196146.43,NotFound,New,edge,mobile,iOS Device
2987609,0.0,213918.19,NotFound,New,chrome,desktop,MacOS
2991726,0.0,29956.07,nan,nan,chrome,desktop,Windows
2989080,0.0,,Found,Found,chrome,desktop,Windows
2989239,0.0,,NotFound,New,chrome,desktop,Windows
2987899,-100.0,152640.85,Found,New,chrome,desktop,MacOS
2989686,0.0,107884.21,Found,Found,chrome,desktop,MacOS
2987187,-10.0,100372.77,NotFound,Found,chrome,desktop,iOS Device
2988883,,45980.81,NotFound,Found,chrome,desktop,Windows
2991082,-10.0,159175.26,Found,Found,chrome,mobile,Windows
2990329,,775953.45,NotFound,New,chrome,desktop,Windows
2987333,,52177.41,Found,New,chrome,desktop,Windows
2987995,0.0,120633.0,NotFound,Found,chrome,desktop,Windows
2990335,0.0,30977.33,NotFound,Found,chrome,desktop,MacOS
2988279,0.0,20556.85,Found,New,chrome,desktop,MacOS
2989700,,102491.89,NotFound,Found,chrome,desktop,MacOS
2991606,0.0,,Found,Unknown,chrome,desktop,Windows
2989132,-5.0,83444.52,Found,Found,firefox,mobile,Samsung
2991846,,58985.98,NotFound,New,safari,desktop,MacOS
2987438,0.0,21826.26,NotFound,New,chrome,desktop,Windows
2991788,0.0,52578.68,Found,Found,chrome,desktop,Windows
2988480,0.0,206778.58,NotFound,New,safari,desktop,Windows
2988040,0.0,,NotFound,Found,chrome,desktop,MacOS
2991546,0.0,590503.5,NotFound,Found,chrome,desktop,Windows
2987224,0.0,117877.38,nan,New,chrome,desktop,Windows
2989426,-50.0,152771.15,NotFound,Found,opera,mobile,iOS Device
2989453,,234265.66,Found,Found,chrome,desktop,MacOS
2987391,0.0,173281.67,NotFound,New,chrome,desktop,Windows
2987718,-100.0,503047.76,NotFound,Found,chrome,mobile,Samsung
2987652,0.0,70758.85,NotFound,Unknown,chrome,desktop,Windows
2988044,0.0,339214.01,NotFound,nan,safari,desktop,Windows
2988913,,2541.54,NotFound,New,chrome,desktop,Windows
2990448,-5.0,116804.92,NotFound,New,chrome,mobile,Samsung
2988141,0.0,37388.32,Found,New,chrome,desktop,Trident
2988760,-50.0,62281.64,NotFound,Found,chrome,mobile,Samsung
2991002,-5.0,19257.64,NotFound,nan,chrome,mobile,nan
2989408,0.0,173501.01,nan,Found,chrome,desktop,Windows
2991226,-100.0,38535.67,Found,New,chrome,mobile,iOS Device
2987435,0.0,162728.85,Found,New,chrome,desktop,Windows
2989175,,204269.11,Found,Found,chrome,desktop,Windows
2989908,-10.0,227399.59,Found,New,chrome,desktop,Windows
2990893,-10.0,10748.63,NotFound,Unknown,safari,mobile,Windows
2991299,0.0,265649.48,NotFound,New,chrome,desktop,Windows
2990281,-100.0,24946.52,Found,New,nan,mobile,Samsung
2991181,,258328.64,NotFound,Found,chrome,desktop,Windows
2990221,-100.0,249858.36,NotFound,Found,chrome,mobile,iOS Device
2988875,0.0,161715.67,Found,Found,chrome,desktop,MacOS
2991542,0.0,37565.43,NotFound,New,chrome,desktop,MacOS
2990000,0.0,105317.61,NotFound,Found,chrome,desktop,MacOS
2989879,-5.0,,NotFound,New,chrome,desktop,iOS Device
2988233,-100.0,126740.55,Found,Found,nan,mobile,MacOS
2991949,0.0,38142.9,NotFound,Found,chrome,desktop,Windows
2988616,,24681.91,NotFound,New,safari,desktop,MacOS
2989970,0.0,150173.2,NotFound,nan,chrome,desktop,Windows
2987767,,196578.37,NotFound,New,safari,desktop,MacOS
2990628,0.0,148269.98,NotFound,New,chrome,desktop,Windows
2987719,0.0,51364.99,NotFound,New,safari,desktop,MacOS
2989160,0.0,158473.7,Found,Unknown,chrome,desktop,Windows
2987929,0.0,,NotFound,New,chrome,desktop,Windows
2990527,,16059.71,Found,New,safari,desktop,MacOS
2988261,-5.0,126145.3,Found,Found,safari,desktop,Windows
2988807,-100.0,194559.49,NotFound,Found,firefox,desktop,Trident
2988403,0.0,5729.79,NotFound,nan,chrome,desktop,MacOS
2989796,0.0,44753.94,Found,Unknown,safari,desktop,Windows
2991882,,17252.81,NotFound,Found,chrome,desktop,Windows
2991379,,27995.5,Found,New,chrome,desktop,Windows
2991683,,203889.14,Found,New,chrome,desktop,Windows
2987888,-100.0,,Found,New,opera,mobile,Samsung
2989361,0.0,67006.56,NotFound,New,chrome,desktop,Windows
2991811,0.0,56060.89,NotFound,New,chrome,desktop,Windows
2990604,0.0,156939.08,NotFound,New,chrome,desktop,Windows
2989683,0.0,35777.66,NotFound,New,chrome,desktop,Windows
2991267,0.0,136359.93,Found,Found,chrome,desktop,Windows
2987584,0.0,491137.65,Found,New,safari,desktop,Windows
2990735,0.0,12717.74,Found,Found,chrome,desktop,Windows
2987078,0.0,276170.78,NotFound,Unknown,chrome,desktop,Windows
2987959,0.0,41173.34,Found,New,chrome,desktop,Windows
2990127,-100.0,331288.57,NotFound,New,opera,mobile,nan
2987291,0.0,5518.93,NotFound,nan,chrome,desktop,Windows
2987727,,62213.75,Found,New,chrome,desktop,Windows
2989589,,,NotFound,New,chrome,desktop,Windows
2990588,0.0,241163.87,NotFound,Found,chrome,desktop,MacOS
2987167,0.0,36971.83,Found,New,chrome,desktop,Windows
2989220,,83659.08,NotFound,New,safari,desktop,MacOS
2987307,0.0,152270.51,Found,New,chrome,desktop,MacOS
2991779,-10.0,5534.46,Found,nan,safari,desktop,Windows
2987046,-5.0,4979.61,Found,New,chrome,desktop,Samsung
2990939,-100.0,107943.9,NotFound,New,chrome,desktop,MacOS
2991309,-10.0,55141.45,NotFound,New,chrome,desktop,Windows
2987651,0.0,4580.5,Found,nan,chrome,desktop,Windows
2989775,0.0,,NotFound,New,chrome,desktop,Windows
2987784,-10.0,,NotFound,New,firefox,desktop,Windows
2987744,0.0,51145.01,NotFound,New,safari,desktop,Windows
2990892,0.0,594933.92,NotFound,New,chrome,desktop,MacOS
2988800,-10.0,,NotFound,Found,chrome,desktop,MacOS
2987688,-20.0,312823.43,Found,New,chrome,mobile,Windows
2988370,,150595.65,NotFound,New,chrome,desktop,Windows
2987988,-50.0,107485.57,NotFound,nan,opera,mobile,iOS Device
2990227,,,NotFound,Found,chrome,mobile,nan
2987292,,,NotFound,nan,chrome,desktop,Windows
2990523,0.0,55695.21,Found,New,safari,desktop,MacOS
2990086,0.0,168089.38,NotFound,New,chrome,desktop,Windows
2987560,0.0,20695.94,Found,Found,chrome,desktop,MacOS
2990762,0.0,138660.95,NotFound,New,chrome,desktop,Windows
2988266,0.0,136578.34,NotFound,New,chrome,desktop,Windows
2991540,-5.0,132460.47,NotFound,nan,firefox,nan,MacOS
2988410,0.0,261289.96,NotFound,New,chrome,desktop,Windows
2991808,,239589.62,NotFound,New,chrome,desktop,MacOS
2990037,-100.0,77756.53,nan,New,chrome,mobile,iOS Device
2991953,-5.0,23635.45,NotFound,New,chrome,mobile,iOS Device
2990661,-5.0,,NotFound,nan,chrome,mobile,MacOS
2989101,-20.0,15823.41,NotFound,Found,ie,desktop,iOS Device
2989313,0.0,,NotFound,New,chrome,desktop,Windows
2989935,,55609.5,NotFound,nan,chrome,desktop,Windows
2988769,0.0,38455.73,NotFound,Found,chrome,desktop,MacOS
2989058,0.0,62283.08,NotFound,Found,safari,desktop,Windows
2989597,0.0,131503.28,NotFound,New,chrome,desktop,Windows
2989961,-10.0,121312.79,NotFound,nan,nan,desktop,Windows
2990562,-10.0,297069.4,NotFound,Found,safari,mobile,iOS Device
2988739,0.0,,NotFound,New,chrome,desktop,Windows
2990433,0.0,54823.73,NotFound,New,chrome,desktop,Windows
2990262,-20.0,147160.5,Found,Unknown,nan,desktop,Samsung
2987675,0.0,268896.12,Found,Found,chrome,desktop,Windows
2991991,-5.0,189755.41,NotFound,nan,chrome,mobile,iOS Device
2987715,0.0,,NotFound,New,safari,desktop,Windows
2990974,,23301.81,Found,Found,safari,desktop,iOS Device
2989346,0.0,505193.09,Found,New,edge,desktop,iOS Device
2990682,0.0,,NotFound,New,chrome,desktop,Windows
2990680,-10.0,1086.43,NotFound,nan,chrome,mobile,LG
2987685,0.0,,NotFound,New,safari,desktop,MacOS
2987713,0.0,216495.26,Found,New,chrome,desktop,MacOS
2987074,-100.0,,NotFound,New,safari,desktop,Samsung
2991558,0.0,49211.29,NotFound,Found,chrome,desktop,Windows
2989687,0.0,,NotFound,New,chrome,desktop,Windows
2989130,-50.0,438394.0,Found,Found,chrome,mobile,Samsung
2987919,0.0,134243.79,NotFound,New,chrome,desktop,Windows
2990381,-5.0,401221.62,NotFound,New,nan,desktop,iOS Device
2988532,,105116.03,NotFound,New,edge,mobile,Samsung
2990418,0.0,104424.97,NotFound,nan,safari,desktop,MacOS
2988151,0.0,30158.61,NotFound,New,chrome,desktop,MacOS
2990355,0.0,34937.47,NotFound,Found,chrome,desktop,Windows
2987667,,212610.69,NotFound,Found,chrome,desktop,MacOS
2987179,-20.0,,NotFound,New,chrome,desktop,MacOS
2989276,0.0,23940.8,NotFound,New,chrome,desktop,MacOS
2989631,-100.0,146540.81,NotFound,Found,nan,mobile,Samsung
2989940,0.0,224184.1,NotFound,New,chrome,desktop,MacOS
2989011,0.0,,NotFound,Found,chrome,desktop,Windows
2991829,0.0,,NotFound,nan,chrome,desktop,Windows
2991519,0.0,220064.91,Found,nan,chrome,desktop,MacOS
2991719,,8357.53,NotFound,New,safari,desktop,Windows
2987881,0.0,119601.33,NotFound,New,chrome,desktop,MacOS
2988215,-20.0,,NotFound,New,firefox,mobile,Samsung
2988090,0.0,267720.21,Found,New,chrome,desktop,MacOS
2988835,-5.0,177702.88,NotFound,Found,safari,desktop,iOS Device
2987426,-100.0,2859.66,Found,nan,safari,desktop,Windows
2988936,,,Found,Found,chrome,desktop,Windows
2989414,-100.0,7131.84,NotFound,New,opera,mobile,iOS Device
2989229,0.0,42076.7,NotFound,New,chrome,desktop,Windows
2990097,0.0,152717.28,Found,Found,chrome,desktop,Windows
2990403,0.0,88868.95,NotFound,New,safari,desktop,Windows
2991956,,236722.68,Found,Found,chrome,desktop,Windows
2989708,0.0,,NotFound,New,safari,desktop,MacOS
2989411,,4198.69,Found,New,chrome,desktop,MacOS
2987511,0.0,150696.0,Found,Unknown,chrome,desktop,Windows
2988408,0.0,,NotFound,New,chrome,desktop,Windows
2989391,-10.0,79113.29,NotFound,Found,ie,desktop,iOS Device
2988055,0.0,150236.8,Found,New,safari,desktop,Windows
2991617,0.0,172123.19,Found,New,chrome,desktop,MacOS
2991533,-10.0,72116.25,Found,New,chrome,desktop,iOS Device
2988876,0.0,133203.38,Found,New,safari,desktop,Windows
2987117,0.0,8865.78,Found,New,safari,desktop,Windows
2991668,-20.0,,NotFound,Found,safari,mobile,iOS Device
2991631,0.0,,Found,Found,chrome,desktop,Windows
2987891,0.0,57592.13,Found,Found,chrome,desktop,Windows
2990285,0.0,10392.05,NotFound,New,chrome,desktop,MacOS
2988436,,52176.13,Found,Found,chrome,desktop,Windows
2987077,-10.0,180230.72,NotFound,Found,firefox,desktop,iOS Device
2989388,-5.0,5217.05,NotFound,New,chrome,desktop,Windows
2990108,0.0,350033.93,Found,Found,chrome,desktop,Windows
2989141,0.0,70222.5,NotFound,nan,chrome,desktop,Windows
2989146,0.0,143043.1,Found,Found,chrome,desktop,Windows
2989630,,,NotFound,Found,chrome,desktop,Windows
2990224,-5.0,153438.78,nan,New,chrome,mobile,MacOS
2989062,,79103.21,NotFound,Found,chrome,desktop,MacOS
2987975,,8703.48,NotFound,New,safari,desktop,Windows
2991737,0.0,230719.88,NotFound,nan,chrome,desktop,MacOS
2988881,0.0,36115.43,Found,New,safari,desktop,Windows
2989950,,132503.76,Found,New,chrome,mobile,Windows
2987966,-10.0,15418.0,Found,New,chrome,desktop,Windows
2991836,0.0,89016.57,NotFound,New,chrome,desktop,Windows
2990232,,92571.46,Found,Found,nan,desktop,Windows
2987935,0.0,,nan,New,chrome,desktop,Windows
2991856,0.0,56826.66,NotFound,New,chrome,desktop,Windows
2988200,-5.0,,NotFound,nan,ie,desktop,Windows
2989780,-20.0,36802.34,Found,New,chrome,desktop,MacOS
2990919,-20.0,260675.46,NotFound,Found,chrome,mobile,Windows
2987116,,239759.53,NotFound,Found,chrome,desktop,Windows
2988554,,,NotFound,New,chrome,desktop,Windows
2988341,-10.0,113082.51,NotFound,Found,chrome,desktop,Trident
2989484,,94740.05,NotFound,nan,chrome,desktop,MacOS
2989022,0.0,,NotFound,New,chrome,desktop,Windows
2987432,-5.0,99974.37,nan,New,chrome,desktop,Windows
2989749,,77954.41,NotFound,New,chrome,desktop,Windows
2987836,0.0,131786.54,Found,Found,chrome,desktop,Windows
2991840,0.0,87320.32,Found,New,chrome,desktop,Windows
2991391,-10.0,664635.58,NotFound,New,safari,desktop,MacOS
2987068,0.0,40833.12,NotFound,New,safari,desktop,MacOS
2989352,0.0,,Found,Found,chrome,desktop,MacOS
2989398,-5.0,410698.47,NotFound,New,chrome,mobile,MacOS
2991602,0.0,328084.49,NotFound,New,chrome,desktop,Windows
2990922,,270943.95,NotFound,New,chrome,desktop,MacOS
2989801,0.0,,Found,Found,chrome,desktop,Windows
2988320,-5.0,290528.51,NotFound,Found,chrome,desktop,iOS Device
2987357,,,Found,New,chrome,desktop,Windows
2990825,-100.0,513844.16,Found,New,edge,mobile,MacOS
2989135,0.0,571337.95,NotFound,Found,chrome,desktop,MacOS
2990573,0.0,90242.68,Found,Found,chrome,desktop,Windows
2987304,0.0,110260.24,Found,New,chrome,desktop,MacOS
2987309,-100.0,281758.34,Found,Found,opera,mobile,iOS Device
2989816,0.0,161820.98,NotFound,Found,safari,desktop,MacOS
2991952,-10.0,258587.51,Found,Found,nan,desktop,Samsung
2987737,0.0,,NotFound,New,chrome,desktop,Windows
2989176,,3347.65,NotFound,Found,chrome,desktop,Windows
2987774,,35264.65,Found,Found,chrome,desktop,Windows
2988543,0.0,5116.92,Found,Found,chrome,desktop,Windows
2991153,0.0,63606.58,NotFound,Unknown,chrome,desktop,MacOS
2989668,0.0,209200.31,NotFound,New,chrome,desktop,Windows
2988307,-5.0,248955.23,Found,Found,nan,mobile,iOS Device
2988951,-10.0,86738.47,NotFound,Found,safari,desktop,Windows
2991443,0.0,240998.91,Found,Found,chrome,desktop,MacOS
2989844,0.0,330869.79,NotFound,New,chrome,desktop,Windows
2989278,-10.0,2034.06,NotFound,New,firefox,desktop,MacOS
2990499,,83733.29,Found,New,chrome,desktop,Windows
2987125,0.0,145686.48,nan,Unknown,chrome,desktop,Windows
2988638,-10.0,370674.02,Found,Found,chrome,desktop,Samsung
2988868,,17376.96,NotFound,Found,chrome,desktop,Windows
2990862,-50.0,175652.15,Found,Found,nan,mobile,nan
2987092,-100.0,18512.24,Found,New,nan,mobile,Samsung
2990876,-5.0,39040.96,NotFound,Found,chrome,desktop,iOS Device
2990022,0.0,221610.17,NotFound,New,chrome,desktop,MacOS
2989939,0.0,223964.72,NotFound,nan,safari,desktop,Windows
2987389,,219561.05,Found,New,chrome,desktop,MacOS
2991024,0.0,49010.36,Found,New,chrome,desktop,Windows
2989186,,129094.17,NotFound,Found,chrome,desktop,Windows
2988197,0.0,13897.85,NotFound,New,chrome,desktop,Windows
2990711,,,NotFound,New,chrome,desktop,MacOS
2990610,0.0,121001.49,NotFound,New,safari,desktop,Windows
2988860,-20.0,112209.1,NotFound,New,nan,desktop,Windows
2991626,-100.0,53288.2,NotFound,Found,chrome,mobile,iOS Device
2988698,,89957.8,Found,New,chrome,desktop,Windows
2990148,-20.0,,NotFound,New,safari,mobile,MacOS
2990658,,268665.68,Found,nan,chrome,desktop,Windows
2987236,,130105.39,Found,New,chrome,desktop,Windows
2991982,0.0,44667.81,Found,New,chrome,desktop,Windows
2991249,-10.0,19740.63,NotFound,Found,chrome,desktop,Trident
2990568,-100.0,70219.48,NotFound,nan,ie,mobile,MacOS
2991305,-20.0,91718.56,Found,Found,chrome,desktop,iOS Device
2990144,0.0,,Found,New,chrome,desktop,MacOS
2991506,-20.0,173666.28,Found,nan,chrome,mobile,iOS Device
2989206,0.0,230538.66,NotFound,New,chrome,desktop,MacOS
2988894,-5.0,140068.4,NotFound,New,chrome,mobile,Samsung
2987061,-20.0,,Found,New,chrome,desktop,iOS Device
2989347,-10.0,125060.86,NotFound,Found,firefox,desktop,MacOS
2987647,0.0,358901.69,Found,New,chrome,desktop,Windows
2991912,-10.0,114460.67,NotFound,New,chrome,desktop,MacOS
2989552,-50.0,20411.55,NotFound,Found,nan,mobile,Samsung
2989138,0.0,18814.6,NotFound,Found,chrome,desktop,Windows
2991510,-50.0,99305.21,Found,New,opera,mobile,Samsung
2990025,-100.0,19565.36,NotFound,Found,chrome,desktop,Windows
2988628,,24795.86,Found,Found,safari,desktop,Windows
2989256,-20.0,,NotFound,New,chrome,desktop,Windows
2991158,-10.0,83964.62,NotFound,New,chrome,nan,Windows
2987972,0.0,15511.94,NotFound,New,chrome,desktop,Windows
2990023,0.0,397819.03,Found,New,chrome,desktop,Windows
2987227,0.0,189349.08,NotFound,Found,safari,desktop,MacOS
2990560,-10.0,371777.83,NotFound,Found,safari,desktop,iOS Device
2988317,0.0,,NotFound,Found,chrome,desktop,Windows
2989871,-50.0,68605.83,NotFound,Found,chrome,mobile,nan
2989182,,55812.9,NotFound,nan,chrome,desktop,Windows
2989198,0.0,97085.89,NotFound,Found,chrome,desktop,Windows
2988204,-100.0,19203.34,NotFound,New,ie,desktop,Windows
2989962,,43683.32,NotFound,Found,chrome,desktop,Windows
2990204,-20.0,31534.27,Found,Found,firefox,mobile,Windows
2991585,0.0,28770.38,Found,New,chrome,desktop,Windows
2990164,-10.0,280242.37,NotFound,nan,safari,desktop,Windows
2991449,0.0,138118.81,NotFound,Found,chrome,desktop,Windows
2989779,0.0,86263.53,NotFound,New,chrome,desktop,Windows
2988636,,12179.63,NotFound,New,chrome,desktop,MacOS
2989082,0.0,18717.45,Found,New,chrome,desktop,Windows
2989638,0.0,65453.46,NotFound,New,chrome,desktop,MacOS
2991366,0.0,22965.01,Found,Found,chrome,desktop,Windows
2990757,,347275.48,NotFound,New,chrome,desktop,Windows
2989284,,345272.18,NotFound,Found,safari,desktop,MacOS
2989627,-10.0,31003.02,Found,New,nan,desktop,Windows
2988684,0.0,150084.1,Found,New,chrome,desktop,Windows
2991208,0.0,94945.63,nan,New,chrome,desktop,Windows
2987868,,213902.25,nan,New,chrome,desktop,MacOS
2989822,0.0,64409.54,NotFound,New,chrome,desktop,Windows
2988994,0.0,86781.97,NotFound,Found,chrome,desktop,Windows
2990903,,62840.78,NotFound,New,chrome,desktop,Windows
2989355,-50.0,1437.47,Found,Found,chrome,mobile,Samsung
2991404,,445652.29,Found,New,chrome,desktop,Windows
2990861,0.0,129161.98,NotFound,Found,chrome,desktop,Windows
2987173,0.0,278905.76,NotFound,Found,safari,desktop,Windows
2989291,0.0,,NotFound,Found,chrome,desktop,Windows
2991211,0.0,47766.43,Found,New,safari,desktop,Windows
2990116,-5.0,68571.1,NotFound,Found,chrome,desktop,Windows
2991178,0.0,456143.87,Found,nan,chrome,desktop,Windows
2988895,0.0,224610.17,NotFound,New,chrome,desktop,Windows
2988013,-100.0,68933.35,Found,Found,chrome,mobile,Samsung
2991125,0.0,49178.05,NotFound,New,chrome,desktop,Windows
2989855,0.0,40347.31,NotFound,New,chrome,desktop,MacOS
2989985,-100.0,18842.76,NotFound,New,chrome,desktop,Samsung
2991554,0.0,,nan,New,safari,desktop,MacOS
2987321,0.0,198726.15,NotFound,New,chrome,desktop,MacOS
2988146,0.0,68843.54,Found,Unknown,chrome,desktop,Windows
2988365,0.0,,Found,New,nan,desktop,iOS Device
2990047,-10.0,91605.82,NotFound,nan,safari,desktop,MacOS
2989956,,28479.1,Found,New,chrome,desktop,Windows
2988987,0.0,74305.88,NotFound,New,chrome,desktop,Windows
2988445,,100103.14,NotFound,New,safari,desktop,Windows
2990076,-20.0,20024.41,NotFound,New,chrome,mobile,iOS Device
2987181,-20.0,3421.33,NotFound,New,chrome,desktop,iOS Device
2990600,,12678.46,NotFound,New,chrome,desktop,Windows
2991033,,16147.77,NotFound,New,chrome,desktop,MacOS
2990593,0.0,17851.27,nan,New,chrome,desktop,MacOS
2991751,0.0,,Found,nan,chrome,desktop,Windows
2991212,0.0,11965.46,Found,Unknown,safari,desktop,Windows
2990937,-20.0,,Found,New,chrome,desktop,Windows
2987787,0.0,,NotFound,Found,edge,desktop,Windows
2988703,0.0,88583.59,Found,nan,chrome,desktop,Windows
2987141,-50.0,44872.51,Found,New,chrome,mobile,nan
2990246,0.0,123168.58,NotFound,New,chrome,desktop,Windows
2990421,-50.0,11064.58,NotFound,New,chrome,mobile,Samsung
2990294,-5.0,93725.33,NotFound,New,firefox,mobile,Windows
2990835,0.0,432778.67,NotFound,Found,chrome,desktop,Windows
2988039,0.0,185242.85,NotFound,New,chrome,desktop,Windows
2987127,0.0,,Found,New,chrome,desktop,MacOS
2991999,0.0,45630.76,NotFound,New,chrome,desktop,Windows
2989133,0.0,56211.55,NotFound,Found,chrome,desktop,MacOS
2988458,-10.0,11409.1,NotFound,New,chrome,desktop,nan
2988314,0.0,135301.1,NotFound,Unknown,chrome,desktop,MacOS
2987781,0.0,293179.52,NotFound,New,safari,desktop,Windows
2987903,0.0,82982.64,NotFound,Found,chrome,desktop,Windows
2987987,0.0,362397.01,NotFound,Found,chrome,desktop,Windows
2988210,-10.0,18369.41,NotFound,New,safari,mobile,iOS Device
2987786,0.0,121179.1,NotFound,nan,chrome,desktop,Windows
2991298,0.0,502958.14,NotFound,Found,chrome,desktop,Windows
2990200,0.0,275196.96,NotFound,New,chrome,desktop,Windows
2988028,-100.0,,Found,nan,nan,mobile,iOS Device
2991363,0.0,,Found,nan,chrome,desktop,MacOS
2991659,0.0,147506.96,Found,Unknown,chrome,desktop,Windows
2990888,-10.0,365322.72,NotFound,Found,firefox,mobile,Windows
2990079,0.0,,Found,Found,chrome,desktop,Windows
2991870,0.0,740897.75,Found,New,chrome,desktop,Windows
2991407,0.0,31678.93,NotFound,Found,chrome,desktop,MacOS
2991793,0.0,158669.31,NotFound,nan,safari,desktop,Windows
2991120,0.0,77759.59,NotFound,nan,safari,desktop,Windows
2990384,0.0,610887.8,NotFound,nan,chrome,desktop,Windows
2991566,0.0,,nan,New,chrome,desktop,Windows
2991331,0.0,409999.99,Found,nan,chrome,desktop,MacOS
2991260,0.0,,NotFound,Found,chrome,desktop,MacOS
2990462,0.0,365492.14,NotFound,New,chrome,desktop,Windows
2989606,0.0,101679.89,NotFound,New,safari,desktop,Windows
2990141,-10.0,,NotFound,New,chrome,mobile,Samsung
2990278,0.0,135410.83,Found,Found,chrome,desktop,Windows
2988075,0.0,90880.46,NotFound,Found,chrome,desktop,Windows
2988773,0.0,200326.27,NotFound,New,chrome,desktop,Windows
2987960,0.0,111869.63,Found,New,safari,desktop,Windows
2988430,0.0,10783.23,NotFound,nan,chrome,desktop,Windows
2987273,0.0,109616.54,Found,New,chrome,desktop,Windows
2990991,0.0,607048.35,NotFound,nan,chrome,desktop,MacOS
2989624,-10.0,120265.46,NotFound,New,safari,desktop,Trident
2991873,0.0,324306.08,NotFound,Unknown,chrome,desktop,MacOS
2991925,,,NotFound,New,chrome,desktop,Windows
2987197,-10.0,95236.46,NotFound,New,edge,desktop,Windows
2987858,,,NotFound,nan,safari,nan,iOS Device
2988265,,34459.67,NotFound,Found,chrome,desktop,Windows
2989735,,222430.15,NotFound,New,chrome,desktop,Windows
2987053,-10.0,70499.81,Found,New,safari,mobile,Windows
2989706,-5.0,,NotFound,New,nan,desktop,Windows
2987080,-100.0,189703.43,NotFound,Unknown,chrome,mobile,Trident
2988225,0.0,40360.08,Found,New,safari,desktop,Windows
2990872,0.0,36535.13,Found,Found,chrome,desktop,MacOS
2990123,0.0,437.06,NotFound,Found,chrome,desktop,Windows
2990963,0.0,309144.5,NotFound,Found,chrome,desktop,Windows
2990713,0.0,65867.84,NotFound,New,safari,desktop,Windows
2989812,0.0,149622.01,NotFound,Found,safari,desktop,Windows
2988023,0.0,209790.88,Found,Found,safari,desktop,Windows
2989582,0.0,50072.47,Found,New,chrome,desktop,MacOS
2991016,-20.0,103386.3,NotFound,New,nan,mobile,nan
2987650,0.0,116026.39,NotFound,nan,chrome,desktop,Windows
2987875,,123296.59,NotFound,New,chrome,desktop,MacOS
2988640,0.0,46096.5,NotFound,Found,chrome,desktop,Windows
2991039,-10.0,158104.26,NotFound,New,chrome,desktop,MacOS
2990460,0.0,,Found,Found,chrome,desktop,Windows
2990889,-5.0,116263.77,Found,Found,chrome,desktop,Samsung
2987461,0.0,60302.45,NotFound,New,edge,desktop,iOS Device
2987978,-100.0,225218.25,NotFound,Found,opera,mobile,nan
2987424,,,nan,New,chrome,desktop,Windows
2988054,,22833.33,NotFound,Unknown,chrome,desktop,Windows
2988561,0.0,45212.76,NotFound,nan,chrome,desktop,Windows
2990548,,45004.05,NotFound,New,ie,mobile,Windows
2987841,-100.0,32568.3,Found,Found,chrome,nan,Windows
2990328,,25755.05,NotFound,New,chrome,desktop,Windows
2989374,-20.0,37310.2,NotFound,Found,chrome,desktop,Windows
2987785,0.0,234768.31,NotFound,nan,chrome,desktop,Windows
2989991,-5.0,41178.35,NotFound,Found,nan,mobile,Windows
2987682,0.0,36133.25,NotFound,Found,chrome,desktop,MacOS
2989214,0.0,207747.93,Found,New,safari,desktop,Windows
2988000,0.0,72496.19,NotFound,New,chrome,desktop,Windows
2989998,0.0,405513.77,NotFound,Found,chrome,desktop,MacOS
2988037,-100.0,265556.17,NotFound,New,edge,desktop,Windows
2988646,,94235.52,Found,New,chrome,desktop,Windows
2987778,0.0,68043.5,nan,New,chrome,desktop,MacOS
2989203,0.0,289870.93,Found,New,chrome,desktop,Windows
2987157,,202623.19,NotFound,New,safari,desktop,MacOS
2990236,-5.0,357336.8,Found,New,chrome,mobile,Samsung
2991302,-5.0,201756.68,Found,Found,ie,nan,iOS Device
2990046,,29250.59,Found,New,chrome,desktop,Windows
2987028,0.0,38004.1,NotFound,New,chrome,desktop,MacOS
2991253,-20.0,184542.99,Found,New,chrome,desktop,Windows
2990386,-20.0,,NotFound,New,chrome,desktop,nan
2990145,-10.0,118805.82,NotFound,nan,safari,nan,Windows
2989109,-10.0,28292.56,NotFound,New,chrome,mobile,Windows
2989872,0.0,112917.41,NotFound,New,chrome,desktop,Windows
2987247,0.0,29546.31,NotFound,New,chrome,desktop,Windows
2987869,0.0,,NotFound,New,chrome,desktop,MacOS
2990508,0.0,75999.84,NotFound,New,chrome,desktop,MacOS
2988957,0.0,28078.92,NotFound,New,chrome,desktop,Windows
2989588,-10.0,10015.16,Found,Found,firefox,mobile,Windows
2990321,0.0,419163.37,NotFound,Unknown,chrome,desktop,Windows
2990823,0.0,66968.46,NotFound,Unknown,chrome,desktop,MacOS
2989482,0.0,,nan,New,chrome,desktop,Windows
2987530,0.0,199889.06,NotFound,New,chrome,desktop,Windows
2991336,,178550.77,Found,New,chrome,desktop,Windows
2988565,0.0,69088.11,NotFound,New,chrome,desktop,Windows
2987336,0.0,,NotFound,New,chrome,desktop,Windows
2991989,0.0,77730.21,Found,New,safari,desktop,MacOS
2988099,0.0,705.02,Found,New,chrome,desktop,Windows
2987240,-10.0,35747.17,nan,New,chrome,mobile,MacOS
2987039,0.0,25386.37,NotFound,Found,chrome,desktop,Windows
2989903,0.0,290484.4,NotFound,Found,chrome,desktop,Windows
2987693,-5.0,287980.77,Found,Found,firefox,mobile,nan
2989938,-50.0,443172.0,NotFound,New,chrome,mobile,nan
2987600,0.0,156322.62,Found,New,chrome,desktop,Windows
2987970,-20.0,330007.07,Found,nan,chrome,desktop,Windows
2987986,-5.0,6982.12,NotFound,New,safari,desktop,iOS Device
2991839,,241349.13,NotFound,New,chrome,desktop,Windows
2989826,0.0,103463.71,NotFound,Found,chrome,desktop,MacOS
2987941,-10.0,257986.17,Found,New,chrome,desktop,Windows
2989947,-10.0,352994.49,Found,nan,chrome,nan,iOS Device
2990273,,251171.66,Found,Found,chrome,desktop,Windows
2990869,,21531.17,NotFound,New,chrome,desktop,Windows
2991766,0.0,161739.49,NotFound,nan,chrome,desktop,Windows
2988847,,36636.69,Found,nan,chrome,desktop,Windows
2990220,0.0,166474.98,Found,New,chrome,desktop,iOS Device
2987607,0.0,116042.57,Found,New,safari,desktop,MacOS
2987893,-5.0,198169.29,Found,Found,safari,mobile,LG
2991778,0.0,197671.97,NotFound,New,chrome,desktop,Windows
2987348,,41939.54,NotFound,Found,safari,desktop,Windows
2990606,0.0,209254.64,NotFound,Found,safari,desktop,Windows
2988990,-10.0,55761.49,NotFound,New,chrome,desktop,iOS Device
2988262,,140490.67,NotFound,Found,chrome,desktop,MacOS
2990372,0.0,,NotFound,nan,chrome,desktop,MacOS
2990596,0.0,659.01,NotFound,New,safari,desktop,Windows
2988060,0.0,68932.15,Found,New,chrome,desktop,Windows
2987260,0.0,55527.99,Found,New,safari,desktop,MacOS
2991444,0.0,45721.72,NotFound,Found,chrome,desktop,Windows
2989711,0.0,100577.34,NotFound,Found,safari,desktop,Windows
2989304,-5.0,37849.34,NotFound,New,chrome,mobile,MacOS
2987999,0.0,26439.38,NotFound,New,chrome,desktop,MacOS
2987015,-50.0,116369.89,NotFound,New,opera,mobile,iOS Device
2987223,-100.0,168965.22,NotFound,Found,opera,mobile,iOS Device
2989817,-5.0,82374.33,Found,Found,chrome,mobile,iOS Device
2987605,-5.0,101326.25,NotFound,Found,chrome,mobile,Windows
2987856,-20.0,187107.44,NotFound,Found,safari,mobile,Trident
2991086,0.0,96373.71,NotFound,nan,chrome,desktop,MacOS
2991702,,,NotFound,New,chrome,desktop,Windows
2990215,0.0,95773.93,NotFound,New,chrome,desktop,Windows
2987722,0.0,17490.55,Found,New,chrome,desktop,Windows
2990481,-5.0,455133.59,NotFound,Unknown,chrome,desktop,iOS Device
2989936,-100.0,,NotFound,New,chrome,mobile,iOS Device
2987927,,281508.13,NotFound,Unknown,chrome,desktop,Windows
2989088,0.0,43861.56,NotFound,nan,chrome,desktop,iOS Device
2987207,,61154.7,NotFound,New,chrome,desktop,Windows
2988438,-10.0,112404.36,NotFound,New,chrome,mobile,Windows
2988865,0.0,131358.55,Found,New,nan,desktop,Samsung
2989295,,298637.67,NotFound,Found,chrome,desktop,Windows
2987110,-100.0,387706.52,NotFound,New,safari,desktop,Windows
2989972,,192594.76,Found,New,opera,mobile,MacOS
2989648,-100.0,43986.72,NotFound,New,chrome,desktop,iOS Device
2989593,0.0,,NotFound,New,nan,mobile,Samsung
2990387,,,Found,New,chrome,desktop,Windows
2987076,0.0,6814.32,NotFound,New,safari,desktop,Windows
2991665,-10.0,,NotFound,New,firefox,desktop,Trident
2989458,0.0,48102.75,Found,nan,chrome,desktop,Windows
2991399,0.0,,NotFound,New,chrome,desktop,MacOS
2988767,0.0,200871.0,NotFound,Found,chrome,desktop,MacOS
2989053,0.0,317511.89,NotFound,Found,chrome,desktop,Windows
2990858,0.0,150320.66,NotFound,New,safari,desktop,MacOS
2991281,,122325.22,Found,Found,chrome,desktop,MacOS
2991866,-100.0,254396.21,nan,nan,nan,mobile,iOS Device
2988337,-10.0,21313.68,Found,New,chrome,desktop,MacOS
2989710,-5.0,725500.55,NotFound,New,chrome,mobile,Samsung
2988877,,,Found,New,chrome,desktop,MacOS
2987867,0.0,,Found,New,chrome,desktop,Windows
2989895,0.0,,Found,nan,safari,desktop,Windows
2987911,0.0,87047.01,NotFound,Found,chrome,desktop,Windows
2988618,,68196.4,Found,New,chrome,desktop,Windows
2988619,0.0,,NotFound,Found,chrome,desktop,Windows
2991085,,,NotFound,New,chrome,desktop,Windows
2990286,-5.0,119831.11,Found,New,chrome,desktop,Windows
2990931,-10.0,231463.03,NotFound,nan,firefox,desktop,MacOS
2989172,0.0,513780.42,NotFound,Found,chrome,desktop,Windows
2987798,0.0,334974.68,NotFound,Found,chrome,desktop,Windows
2991979,0.0,7321.45,Found,Found,chrome,desktop,MacOS
2989843,,54288.27,nan,Found,chrome,desktop,MacOS
2990703,0.0,133423.93,NotFound,Unknown,safari,desktop,MacOS
2987842,,17628.53,NotFound,Found,chrome,desktop,Samsung
2991188,0.0,,NotFound,New,chrome,desktop,Windows
2989942,0.0,327513.0,NotFound,New,chrome,desktop,Windows
2990913,-20.0,115364.38,Found,Found,nan,desktop,Windows
2991777,-100.0,152257.19,Found,Unknown,chrome,desktop,MacOS
2991553,0.0,40782.77,NotFound,Found,safari,desktop,MacOS
2991957,-5.0,70091.75,NotFound,New,chrome,desktop,Windows
2987592,0.0,111958.64,NotFound,Found,safari,desktop,MacOS
2991329,0.0,108277.55,NotFound,nan,chrome,desktop,Windows
2988899,-20.0,111144.94,Found,New,edge,desktop,Windows
2991603,,,Found,New,chrome,desktop,Windows
2990475,0.0,,NotFound,Found,chrome,desktop,Windows
2988863,-5.0,144720.63,NotFound,New,chrome,desktop,Windows
2988666,0.0,,NotFound,New,chrome,desktop,Windows
2987550,0.0,,nan,Unknown,chrome,desktop,MacOS
2991854,-100.0,63563.91,Found,New,chrome,mobile,iOS Device
2987542,0.0,150194.19,NotFound,New,chrome,desktop,Windows
2987133,,112533.17,nan,Found,chrome,desktop,Windows
2988165,0.0,56914.6,NotFound,Found,chrome,desktop,MacOS
2988775,,34074.21,NotFound,New,chrome,desktop,Windows
2990176,0.0,197434.73,NotFound,nan,safari,desktop,Windows
2991940,0.0,247935.16,Found,Found,chrome,desktop,Windows
2989072,-10.0,39237.56,Found,nan,chrome,desktop,Windows
2987528,,128627.68,NotFound,Found,chrome,desktop,Windows
2991006,,,NotFound,New,chrome,desktop,MacOS
2990315,,,Found,New,chrome,desktop,Windows
2988119,-100.0,,NotFound,nan,nan,mobile,Samsung
2990464,0.0,45119.02,Found,Found,chrome,desktop,Windows
2988449,0.0,157143.53,NotFound,nan,safari,desktop,MacOS
2987482,0.0,58305.07,Found,New,chrome,desktop,MacOS
2990785,,16679.31,NotFound,New,chrome,desktop,Windows
2990763,0.0,18334.67,NotFound,Found,chrome,desktop,Windows
2988167,0.0,46223.01,Found,New,chrome,desktop,Windows
2990272,-100.0,42385.78,Found,New,chrome,mobile,Samsung
2988648,0.0,114943.85,NotFound,New,chrome,desktop,MacOS
2990357,-20.0,374949.77,NotFound,Found,nan,desktop,Windows
2987455,0.0,38791.92,NotFound,New,chrome,desktop,Windows
2990920,-10.0,264576.33,NotFound,New,chrome,desktop,MacOS
2990532,-20.0,304285.02,NotFound,nan,safari,nan,iOS Device
2989797,-5.0,6862.38,Found,nan,safari,mobile,iOS Device
2987388,0.0,112528.51,NotFound,Found,chrome,desktop,Windows
2989538,0.0,,Found,New,chrome,desktop,Windows
2988339,-5.0,246218.7,Found,Found,firefox,desktop,Windows
2989535,0.0,27309.43,Found,Found,chrome,desktop,Windows
2987874,,197707.45,Found,New,chrome,desktop,Windows
2988694,,12201.36,NotFound,New,chrome,desktop,Windows
2987946,0.0,229425.75,NotFound,Found,chrome,desktop,MacOS
2991687,-20.0,407898.08,NotFound,nan,chrome,mobile,Samsung
2990536,,218675.8,NotFound,New,safari,desktop,Windows
2990366,-5.0,84194.4,Found,Found,chrome,mobile,iOS Device
2989474,,126205.87,NotFound,New,chrome,desktop,LG
2989738,0.0,,Found,New,chrome,desktop,MacOS
2990063,,487932.1,NotFound,nan,chrome,desktop,Windows
2988718,0.0,3223.49,NotFound,nan,chrome,desktop,Windows
2989918,,400993.18,NotFound,nan,chrome,desktop,Windows
2987813,,,NotFound,New,chrome,desktop,MacOS
2989455,0.0,21008.73,NotFound,nan,chrome,desktop,MacOS
2988632,-5.0,333728.42,NotFound,Found,chrome,nan,iOS Device
2989720,,371145.02,Found,New,chrome,desktop,Windows
2988323,0.0,274654.99,NotFound,New,safari,desktop,Windows
2988645,-10.0,358265.9,Found,New,chrome,nan,Samsung
2991473,-5.0,122084.36,NotFound,nan,firefox,mobile,MacOS
2990473,-100.0,149410.99,Found,Found,chrome,mobile,Samsung
2990383,-10.0,207365.89,Found,Found,safari,desktop,Windows
2991865,0.0,98837.3,NotFound,Found,chrome,desktop,Windows
2987335,-20.0,86703.44,Found,Unknown,chrome,desktop,MacOS
2990791,0.0,,Found,nan,chrome,desktop,Windows
2988313,0.0,211291.9,Found,Found,chrome,desktop,MacOS
2989249,-100.0,323403.62,NotFound,New,nan,mobile,iOS Device
2990069,-5.0,77145.69,NotFound,New,nan,nan,iOS Device
2990842,0.0,35815.09,NotFound,nan,chrome,desktop,Windows
2988434,0.0,89492.15,NotFound,Unknown,chrome,desktop,MacOS
2989703,0.0,169724.21,NotFound,New,chrome,desktop,Windows
2988304,0.0,,NotFound,New,chrome,desktop,Windows
2989446,-100.0,534058.81,Found,New,chrome,mobile,Samsung
2989766,-100.0,,Found,New,chrome,desktop,iOS Device
2990645,0.0,304148.01,NotFound,nan,safari,desktop,MacOS
2988050,-100.0,,NotFound,New,chrome,mobile,nan
2987699,0.0,265470.38,NotFound,New,safari,desktop,Windows
2989417,-100.0,112812.37,NotFound,New,chrome,mobile,Samsung
2990008,-5.0,78591.48,Found,nan,chrome,mobile,Windows
2990744,-10.0,47500.76,NotFound,New,chrome,mobile,iOS Device
2991692,-20.0,27761.63,nan,nan,nan,desktop,Windows
2988531,-5.0,13915.71,NotFound,New,nan,mobile,Samsung
2991527,0.0,,Found,nan,chrome,desktop,MacOS
2988391,0.0,59182.28,NotFound,Unknown,chrome,desktop,Windows
2988312,0.0,66070.24,NotFound,New,chrome,desktop,Windows
2989632,0.0,,Found,New,chrome,desktop,MacOS
2988236,0.0,16284.45,Found,Unknown,safari,desktop,Windows
2990173,-5.0,,NotFound,New,chrome,desktop,Samsung
2988057,-5.0,,NotFound,nan,chrome,mobile,Windows
2989325,0.0,258827.24,Found,New,chrome,desktop,MacOS
2990422,0.0,127828.86,NotFound,Found,chrome,desktop,Windows
2988388,,159332.79,Found,New,chrome,desktop,Windows
2991596,-5.0,,Found,Found,nan,mobile,iOS Device
2991037,0.0,73171.52,NotFound,New,chrome,desktop,MacOS
2988780,-10.0,238462.23,NotFound,Found,chrome,desktop,Windows
2990430,0.0,247528.83,NotFound,Found,chrome,desktop,Windows
2990234,,127016.11,NotFound,New,chrome,desktop,MacOS
2988108,0.0,13516.69,nan,New,chrome,desktop,Windows
2988551,,100904.7,NotFound,nan,chrome,desktop,Windows
2989572,0.0,59989.08,NotFound,Found,safari,desktop,Windows
2991481,0.0,109076.34,Found,Unknown,safari,desktop,Windows
2989079,0.0,,nan,New,chrome,desktop,Windows
2991960,-5.0,119125.35,Found,Found,chrome,desktop,iOS Device
2991707,0.0,77764.65,NotFound,New,chrome,desktop,MacOS
2990142,-5.0,391599.63,nan,New,safari,mobile,iOS Device
2988988,0.0,49547.4,Found,New,chrome,desktop,Windows
2989244,-20.0,16124.41,NotFound,Found,chrome,mobile,Windows
2987855,-50.0,181287.76,NotFound,New,nan,mobile,nan
2991768,0.0,80435.14,Found,New,chrome,desktop,Windows
2987816,0.0,103348.67,Found,New,safari,desktop,MacOS
2988451,,87945.45,Found,New,chrome,desktop,MacOS
2988071,-100.0,34793.23,NotFound,Found,nan,mobile,Samsung
2987865,-5.0,,Found,New,chrome,mobile,Windows
2989999,0.0,180482.85,nan,New,chrome,desktop,MacOS
2990668,0.0,16197.65,Found,Found,chrome,desktop,Windows
2989268,0.0,261391.91,Found,Found,chrome,desktop,MacOS
2988660,0.0,63500.15,NotFound,Found,chrome,desktop,MacOS
2991679,0.0,44707.87,nan,New,chrome,desktop,MacOS
2988208,0.0,15635.58,Found,New,safari,desktop,Windows
2989448,0.0,,NotFound,New,safari,desktop,MacOS
2988305,-100.0,49240.1,NotFound,New,chrome,mobile,iOS Device
2988349,-10.0,292628.14,NotFound,New,chrome,mobile,iOS Device
2991890,0.0,84438.16,Found,New,chrome,desktop,Windows
2989340,-5.0,43927.34,NotFound,Found,nan,mobile,Windows
2991993,0.0,,NotFound,New,safari,desktop,Windows
2989994,0.0,125454.42,NotFound,Found,chrome,desktop,Windows
2991186,,117350.19,NotFound,New,chrome,desktop,Windows
2989615,-5.0,231699.03,Found,New,safari,mobile,Samsung
2991261,-10.0,47289.54,nan,New,safari,mobile,Windows
2991964,-100.0,121963.87,Found,Found,edge,desktop,nan
2987880,0.0,91217.05,Found,Found,chrome,desktop,MacOS
2990916,0.0,157123.13,NotFound,New,chrome,desktop,Windows
2988624,-20.0,313833.46,nan,New,chrome,mobile,Samsung
2990494,,162656.91,NotFound,New,chrome,desktop,Windows
2989375,,25434.99,NotFound,Found,chrome,desktop,Windows
2991805,0.0,71265.45,NotFound,New,chrome,desktop,Windows
2988105,-100.0,5270.25,Found,New,chrome,mobile,iOS Device
2991487,-10.0,216966.73,nan,Found,firefox,desktop,iOS Device
2988425,0.0,20915.07,Found,New,safari,desktop,Windows
2988580,-100.0,78974.13,NotFound,New,opera,mobile,nan
2989037,0.0,392239.27,NotFound,nan,chrome,desktop,Windows
2989131,,79197.64,NotFound,Found,chrome,desktop,Windows
2989743,-100.0,118538.79,Found,Found,chrome,mobile,nan
2991649,,62776.75,Found,Found,safari,desktop,Windows
2990004,0.0,150926.79,NotFound,New,chrome,desktop,Windows
2991232,0.0,605029.02,NotFound,New,chrome,desktop,Windows
2989481,,509100.23,NotFound,New,chrome,desktop,Windows
2990688,0.0,95081.7,NotFound,nan,chrome,desktop,MacOS
2988945,,260693.81,NotFound,New,chrome,mobile,Windows
2991562,,200248.76,NotFound,New,chrome,mobile,Samsung
2990760,-100.0,5641.25,NotFound,New,nan,desktop,Windows
2990382,-100.0,277474.57,NotFound,New,nan,mobile,nan
2989562,0.0,99747.32,Found,New,chrome,desktop,Windows
2987136,-100.0,149763.94,Found,New,chrome,mobile,nan
2987969,-100.0,43138.78,NotFound,nan,nan,mobile,Samsung
2990235,-5.0,132593.94,NotFound,New,safari,desktop,MacOS
2991378,,144996.65,Found,New,chrome,desktop,MacOS
2988031,0.0,313601.26,NotFound,Found,chrome,desktop,Windows
2991315,0.0,49633.01,Found,New,safari,desktop,Windows
2991675,0.0,72069.1,NotFound,Found,chrome,desktop,Windows
2987692,,231736.19,NotFound,New,chrome,desktop,Windows
2990385,-5.0,561128.35,NotFound,New,chrome,desktop,Windows
2989672,0.0,269007.93,Found,Found,chrome,desktop,Windows
2988422,0.0,353729.92,NotFound,New,chrome,desktop,Windows
2987382,0.0,186967.18,NotFound,New,chrome,desktop,Windows
2991333,0.0,2379.8,NotFound,New,safari,desktop,Windows
2987717,,,NotFound,New,chrome,desktop,MacOS
2987454,-10.0,33480.99,Found,Unknown,nan,mobile,Windows
2989078,-5.0,178190.27,NotFound,Found,chrome,desktop,Windows
2989873,0.0,825275.8,Found,New,chrome,desktop,Windows
2991996,0.0,,NotFound,New,chrome,desktop,Windows
2987904,0.0,119112.73,Found,nan,chrome,desktop,Windows
2988824,0.0,7774.9,Found,New,safari,desktop,Windows
2989431,0.0,274103.48,NotFound,New,chrome,desktop,Windows
2990724,0.0,322985.59,NotFound,Found,safari,desktop,Windows
2988598,-5.0,120375.8,Found,New,nan,mobile,Windows
2988122,0.0,124874.32,NotFound,nan,chrome,desktop,Windows
2989085,,586266.03,NotFound,Found,safari,desktop,Windows
2990425,-10.0,146458.34,NotFound,New,chrome,desktop,MacOS
2988080,0.0,124391.68,NotFound,Found,chrome,desktop,Windows
2988089,-10.0,52881.21,nan,New,ie,desktop,MacOS
2988834,-5.0,26262.49,Found,Found,firefox,desktop,Windows
2990993,0.0,399941.28,Found,New,chrome,desktop,MacOS
2989092,0.0,,NotFound,New,chrome,desktop,MacOS
2991543,0.0,25944.04,NotFound,New,chrome,desktop,Windows
2991036,,,NotFound,nan,chrome,desktop,Windows
2987372,-20.0,613070.39,NotFound,New,chrome,desktop,Trident
2990746,,,NotFound,Found,chrome,desktop,Windows
2990871,-5.0,240509.58,NotFound,Found,chrome,nan,Samsung
2988280,0.0,151383.62,nan,Found,chrome,desktop,Windows
2989144,-5.0,80285.71,NotFound,New,safari,desktop,iOS Device
2990394,0.0,164327.72,NotFound,New,chrome,desktop,Windows
2990792,,129047.23,NotFound,New,chrome,desktop,Windows
2987853,0.0,5561.48,Found,New,safari,desktop,Windows
2988213,0.0,30715.66,NotFound,New,chrome,desktop,Windows
2988647,0.0,,Found,Unknown,chrome,desktop,Windows
2990445,0.0,84533.37,NotFound,New,chrome,desktop,Windows
2988841,0.0,430736.28,NotFound,Found,chrome,desktop,Windows
2989712,0.0,127172.94,NotFound,Found,chrome,desktop,Windows
2988148,0.0,,NotFound,Found,chrome,desktop,MacOS
2989496,0.0,27652.0,NotFound,New,safari,desktop,Windows
2989701,-5.0,,NotFound,nan,safari,desktop,iOS Device
2989188,,100676.17,nan,New,safari,desktop,MacOS
2987112,0.0,404234.8,Found,Unknown,safari,desktop,Windows
2987937,-100.0,79902.32,NotFound,New,chrome,mobile,nan
2991456,0.0,39866.98,NotFound,New,chrome,desktop,Windows
2988198,,166633.66,Found,New,chrome,desktop,Windows
2991897,0.0,158518.39,Found,New,chrome,desktop,Windows
2988804,-100.0,77358.01,Found,Found,safari,desktop,MacOS
2988938,-100.0,6039.03,NotFound,nan,safari,desktop,Windows
2988716,,73424.35,NotFound,New,chrome,desktop,Windows
2990378,-100.0,,Found,Found,opera,mobile,Samsung
2989173,0.0,181438.33,NotFound,New,chrome,desktop,Windows
2988026,0.0,319519.23,Found,New,chrome,desktop,MacOS
2990696,0.0,75693.11,Found,Found,safari,desktop,MacOS
2991395,0.0,,NotFound,New,chrome,desktop,Windows
2987993,0.0,,Found,New,chrome,desktop,Windows
2988004,,412574.21,NotFound,New,chrome,desktop,Windows
2991817,-50.0,127058.88,NotFound,New,chrome,mobile,nan
2991345,-5.0,5981.99,NotFound,New,chrome,desktop,iOS Device
2987222,-100.0,430914.3,NotFound,nan,firefox,desktop,Trident
2987839,0.0,63427.18,NotFound,Found,safari,desktop,MacOS
2988820,-20.0,8723.59,NotFound,Found,nan,mobile,Windows
2991244,-5.0,428806.94,Found,New,chrome,desktop,iOS Device
2987732,,340751.11,NotFound,Unknown,nan,mobile,Windows
2987059,0.0,311777.14,Found,nan,chrome,desktop,Windows
2990822,0.0,15995.03,NotFound,New,chrome,desktop,MacOS
2990585,-10.0,10301.97,nan,New,chrome,desktop,Windows
2990073,0.0,305736.05,NotFound,New,chrome,desktop,MacOS
2990017,,101259.67,NotFound,Found,chrome,desktop,MacOS
2987289,0.0,423450.39,Found,New,chrome,desktop,LG
2990966,-20.0,,NotFound,New,nan,mobile,Windows
2991756,-5.0,187728.34,Found,Found,nan,desktop,Windows
2990621,-100.0,476881.71,NotFound,Found,nan,mobile,iOS Device
2990514,-50.0,5017.77,NotFound,Found,nan,mobile,Samsung
2987310,0.0,97455.55,NotFound,New,chrome,desktop,Windows
2991152,-50.0,190962.63,NotFound,New,nan,mobile,iOS Device
2987593,-100.0,,NotFound,Found,chrome,mobile,Samsung
2988113,,,NotFound,Found,chrome,desktop,MacOS
2988610,0.0,2295.95,Found,nan,chrome,desktop,Windows
2990556,,12579.57,NotFound,New,chrome,desktop,MacOS
2991611,0.0,3635.18,NotFound,nan,chrome,desktop,Windows
2990841,0.0,216821.95,Found,New,chrome,desktop,Windows
2989201,-10.0,14804.72,Found,New,firefox,desktop,Windows
2988035,-10.0,22713.89,NotFound,Found,nan,desktop,Samsung
2989054,-5.0,,Found,New,chrome,desktop,iOS Device
2991140,0.0,87490.14,NotFound,nan,chrome,desktop,Windows
2989476,-10.0,84684.03,NotFound,nan,safari,mobile,iOS Device
2988394,-50.0,278463.39,NotFound,New,nan,mobile,Samsung
2991966,,257774.83,NotFound,New,chrome,desktop,Windows
2989674,0.0,76251.23,NotFound,New,chrome,desktop,Windows
2990197,0.0,197047.08,NotFound,New,safari,desktop,Windows
2988605,,144977.95,NotFound,New,chrome,desktop,Windows
2988901,,82071.4,NotFound,New,chrome,desktop,Windows
2987517,-10.0,22264.87,NotFound,Found,firefox,desktop,Samsung
2989846,0.0,231801.48,Found,Found,chrome,desktop,Windows
2987507,0.0,4401.66,Found,Found,chrome,desktop,nan
2987317,-100.0,47398.02,NotFound,New,chrome,desktop,iOS Device
2989048,0.0,5073.65,NotFound,Found,chrome,desktop,Windows
2987689,0.0,312063.64,Found,Found,chrome,desktop,Windows
2988282,-5.0,,NotFound,New,chrome,mobile,Windows
2987100,-5.0,329208.64,Found,New,nan,mobile,Samsung
2989330,0.0,35166.17,NotFound,Found,safari,desktop,MacOS
2990589,0.0,,Found,Found,chrome,desktop,Windows
2990513,,,NotFound,New,safari,desktop,Windows
2987860,0.0,299421.04,NotFound,New,chrome,desktop,Windows
2990317,-10.0,57007.3,Found,New,chrome,desktop,MacOS
2989832,0.0,769489.24,nan,nan,safari,desktop,Windows
2989563,0.0,111421.31,NotFound,New,chrome,desktop,Windows
2987795,0.0,37244.11,NotFound,Found,safari,desktop,Windows
2990500,0.0,230179.83,NotFound,New,safari,desktop,MacOS
2991469,,,NotFound,Found,chrome,desktop,Windows
2989931,,49249.48,Found,New,chrome,mobile,MacOS
2991907,-20.0,225951.72,NotFound,New,chrome,desktop,iOS Device
2991731,0.0,414033.05,Found,Found,chrome,desktop,MacOS
2987263,-100.0,281548.76,Found,Found,opera,mobile,Samsung
2987639,,221640.02,NotFound,New,chrome,desktop,MacOS
2989475,0.0,30005.04,Found,Found,safari,desktop,Windows
2987131,0.0,43290.54,NotFound,Found,chrome,desktop,Windows
2989456,,423328.57,NotFound,New,chrome,desktop,MacOS
2988014,0.0,177629.62,Found,Unknown,chrome,desktop,MacOS
2988469,,9143.61,NotFound,Found,chrome,desktop,Windows
2991220,0.0,,NotFound,New,safari,desktop,Windows
2989983,,427120.04,Found,New,chrome,desktop,Windows
2990957,-100.0,31704.8,NotFound,nan,nan,mobile,nan
2990681,0.0,9183.47,Found,Found,chrome,desktop,Windows
2988343,0.0,21440.0,NotFound,Unknown,chrome,desktop,MacOS
2990575,-50.0,342898.89,NotFound,Found,chrome,mobile,Samsung
2987412,0.0,,NotFound,New,chrome,desktop,Windows
2990487,,16500.17,NotFound,New,chrome,mobile,iOS Device
2988708,,147156.43,Found,New,chrome,desktop,MacOS
2989059,0.0,62445.92,NotFound,nan,chrome,desktop,Windows
2989977,-10.0,91994.76,NotFound,New,safari,mobile,iOS Device
2988283,0.0,148682.36,Found,Found,chrome,desktop,Windows
2989547,0.0,74559.54,NotFound,nan,chrome,desktop,Windows
2990686,0.0,358726.4,nan,New,chrome,desktop,MacOS
2988983,-10.0,23830.91,Found,Found,nan,mobile,iOS Device
2990655,0.0,8464.99,NotFound,New,chrome,desktop,Windows
2991931,0.0,227525.53,NotFound,New,safari,desktop,Windows
2990758,-5.0,201466.09,NotFound,New,safari,desktop,Windows
2991372,0.0,23190.0,NotFound,Found,chrome,desktop,MacOS
2991529,0.0,68271.69,NotFound,Found,safari,desktop,Windows
2989418,0.0,129215.29,NotFound,Found,chrome,desktop,MacOS
2991969,,20998.8,NotFound,Unknown,chrome,desktop,Windows
2990521,0.0,85518.19,Found,New,safari,desktop,Windows
2987350,0.0,78062.79,Found,Unknown,safari,desktop,Windows
2987256,,,Found,New,chrome,desktop,Windows
2990389,-5.0,108131.93,Found,New,safari,mobile,iOS Device
2991500,0.0,62348.4,NotFound,New,safari,nan,iOS Device
2988299,0.0,153259.08,Found,Unknown,safari,desktop,Windows
2988732,0.0,52718.1,NotFound,New,chrome,desktop,Windows
2989758,0.0,108546.92,NotFound,Found,chrome,desktop,MacOS
2991031,-100.0,73686.11,Found,New,nan,nan,Windows
2990531,,110498.62,NotFound,Found,chrome,desktop,Windows
2990269,0.0,,Found,Found,chrome,desktop,Windows
2988160,0.0,38681.31,Found,New,chrome,desktop,Windows
2991151,-5.0,,NotFound,New,opera,desktop,MacOS
2989881,-100.0,142319.29,Found,nan,chrome,mobile,nan
2988190,0.0,27268.42,Found,Found,chrome,desktop,Windows
2989283,-100.0,86073.49,Found,New,nan,desktop,Windows
2991853,-100.0,29719.7,Found,New,chrome,desktop,nan
2988389,0.0,281685.54,NotFound,New,chrome,desktop,Windows
2988571,0.0,,Found,New,chrome,desktop,Windows
2989434,,57585.89,NotFound,New,firefox,mobile,iOS Device
2989509,,21557.98,Found,New,chrome,desktop,MacOS
2991677,-5.0,110961.97,Found,Found,chrome,mobile,iOS Device
2988111,0.0,14817.22,Found,New,chrome,desktop,MacOS
2990190,0.0,1105588.82,NotFound,New,safari,desktop,Windows
2990504,,291452.8,NotFound,Found,chrome,desktop,Windows
2989579,-5.0,147430.37,NotFound,Found,chrome,desktop,Samsung
2989639,-5.0,126893.38,Found,New,chrome,desktop,Windows
2988581,0.0,93522.78,NotFound,nan,chrome,desktop,Windows
2991867,0.0,151169.97,Found,Found,chrome,desktop,Windows
2991044,0.0,36958.05,NotFound,Unknown,safari,desktop,MacOS
2989156,0.0,,Found,Found,chrome,desktop,Windows
2990941,0.0,60495.95,Found,Found,chrome,desktop,MacOS
2991800,,29913.15,Found,Found,chrome,desktop,Windows
2987013,-5.0,52247.37,NotFound,Found,firefox,mobile,Windows
2989245,,,NotFound,New,edge,desktop,Windows
2990624,0.0,91990.73,nan,Found,chrome,desktop,Windows
2988886,-5.0,117618.65,nan,Found,firefox,mobile,MacOS
2991521,-50.0,,Found,Found,nan,mobile,iOS Device
2990579,0.0,132271.27,Found,Unknown,chrome,desktop,Windows
2990676,,174588.67,NotFound,nan,safari,desktop,MacOS
2988641,-20.0,20248.24,NotFound,New,safari,desktop,Windows
2988802,-10.0,546952.19,nan,New,nan,mobile,Windows
2989153,-10.0,93727.97,NotFound,New,chrome,desktop,Windows
2989792,0.0,199372.81,NotFound,New,safari,desktop,Windows
2990167,0.0,66871.5,Found,Found,chrome,desktop,Windows
2990217,0.0,,NotFound,nan,chrome,desktop,MacOS
2991578,0.0,254111.53,NotFound,New,chrome,desktop,MacOS
2989557,0.0,320244.52,NotFound,New,chrome,desktop,Windows
2988706,-10.0,114000.19,Found,New,opera,desktop,Windows
2987955,-10.0,78357.93,NotFound,New,chrome,desktop,Windows
2989122,,235721.26,NotFound,New,chrome,desktop,Windows
2990595,0.0,32573.77,Found,New,chrome,desktop,MacOS
2989269,0.0,72051.12,NotFound,Unknown,safari,desktop,Windows
2989856,0.0,,NotFound,Found,chrome,desktop,Windows
2991162,,19172.91,nan,nan,safari,desktop,MacOS
2988178,-5.0,11877.02,Found,Unknown,firefox,mobile,iOS Device
2988350,,199989.42,NotFound,New,chrome,desktop,MacOS
2987506,0.0,351441.72,NotFound,New,chrome,desktop,Windows
2987334,0.0,364798.89,NotFound,nan,chrome,desktop,Windows
2991493,0.0,85501.33,NotFound,Found,chrome,desktop,MacOS
2990950,-5.0,62956.91,Found,Found,safari,desktop,Samsung
2989351,,115196.51,NotFound,New,safari,desktop,Windows
2988513,-10.0,598629.78,NotFound,Unknown,chrome,desktop,MacOS
2990651,-100.0,20536.12,NotFound,Found,nan,mobile,Samsung
2990033,0.0,1887.49,NotFound,New,chrome,desktop,Windows
2990416,0.0,79118.38,NotFound,Found,chrome,desktop,MacOS
2988384,-10.0,31333.9,NotFound,New,firefox,desktop,MacOS
2991054,,611656.16,Found,New,firefox,mobile,Windows
2989975,-5.0,266398.65,Found,Found,chrome,mobile,Windows
2989216,0.0,169250.56,NotFound,Found,chrome,desktop,Windows
2987439,-10.0,,NotFound,Found,chrome,desktop,MacOS
2990837,0.0,185189.35,NotFound,Found,chrome,desktop,Windows
2987653,0.0,141156.24,NotFound,New,safari,desktop,Windows
2990901,0.0,185297.96,Found,New,chrome,desktop,Windows
2990159,-10.0,451787.49,Found,Found,chrome,desktop,nan
2988595,0.0,324184.48,Found,New,chrome,desktop,Windows
2987623,0.0,234073.24,Found,Found,chrome,desktop,MacOS
2988538,-5.0,122693.44,NotFound,New,chrome,mobile,iOS Device
2991985,-100.0,176998.24,NotFound,nan,nan,desktop,Windows
2988457,-100.0,75018.09,NotFound,Found,safari,desktop,iOS Device
2987132,-100.0,137631.79,NotFound,New,chrome,mobile,Windows
2990943,-10.0,140858.13,NotFound,Found,chrome,mobile,Windows
2987383,-100.0,76781.35,NotFound,Found,nan,mobile,iOS Device
2989516,0.0,303608.8,NotFound,Found,chrome,desktop,Windows
2989845,0.0,164616.88,NotFound,New,ie,mobile,Windows
2990251,-100.0,130899.03,nan,nan,chrome,mobile,nan
2989151,,121013.88,NotFound,New,safari,desktop,Windows
2988558,0.0,30833.33,Found,New,chrome,desktop,Windows
2987070,-10.0,196974.88,Found,New,nan,desktop,Windows
2991274,0.0,7085.6,NotFound,New,chrome,desktop,Windows
2990674,0.0,31365.23,NotFound,New,chrome,desktop,Windows
2989215,0.0,420020.9,Found,Found,chrome,desktop,Windows
2989257,,45384.5,NotFound,New,safari,desktop,nan
2987458,0.0,3845.62,NotFound,Found,chrome,desktop,Windows
2990339,0.0,499675.2,NotFound,nan,chrome,desktop,Windows
2988171,0.0,53669.37,NotFound,New,chrome,desktop,MacOS
2990050,0.0,228210.75,NotFound,Found,safari,desktop,MacOS
2987367,-100.0,112774.35,Found,New,chrome,mobile,Windows
2991536,-20.0,644389.29,Found,Unknown,chrome,desktop,iOS Device
2987109,,61272.12,nan,New,chrome,desktop,Windows
2990810,0.0,88594.63,NotFound,Found,safari,desktop,Windows
2989337,-50.0,205604.04,NotFound,New,chrome,mobile,iOS Device
2987397,,149506.04,Found,Found,safari,desktop,MacOS
2991773,0.0,17897.98,NotFound,New,chrome,desktop,Windows
2987759,0.0,8171.3,Found,Found,chrome,desktop,Windows
2988507,-100.0,50464.94,NotFound,New,chrome,mobile,iOS Device
2987590,-100.0,,NotFound,New,safari,mobile,MacOS
2989251,0.0,51633.11,Found,New,chrome,desktop,Windows
2987451,-5.0,158766.24,nan,Found,chrome,mobile,Windows
2991277,0.0,84684.44,NotFound,New,chrome,desktop,Windows
2987253,,392615.1,Found,Found,chrome,desktop,Windows
2991448,,125724.64,NotFound,Found,chrome,desktop,Windows
2991011,-100.0,149127.4,NotFound,nan,opera,mobile,nan
2990264,0.0,399916.21,Found,Found,chrome,desktop,MacOS
2990654,0.0,166469.27,Found,Found,safari,desktop,Windows
2987707,-20.0,45344.33,Found,New,nan,mobile,Samsung
2987400,0.0,85069.43,NotFound,Found,chrome,desktop,Windows
2988652,0.0,100609.07,nan,Unknown,chrome,desktop,Windows
2991218,,54479.96,NotFound,Found,chrome,desktop,Windows
2988221,-5.0,248426.56,Found,New,chrome,mobile,MacOS
2987168,0.0,363065.57,NotFound,New,chrome,desktop,MacOS
2991225,0.0,117131.32,NotFound,New,safari,desktop,Windows
2990003,0.0,45995.11,NotFound,Found,chrome,desktop,Windows
2989309,-100.0,4543.7,NotFound,Found,chrome,desktop,Windows
2988968,-5.0,,Found,New,chrome,mobile,Samsung
2991171,0.0,39889.01,nan,New,safari,desktop,Windows
2988720,0.0,94687.96,NotFound,New,chrome,desktop,MacOS
2990333,0.0,219270.6,Found,New,chrome,desktop,Windows
2987885,0.0,54346.85,Found,New,chrome,desktop,Windows
2989025,,173660.64,NotFound,New,chrome,desktop,MacOS
2990228,0.0,226114.31,NotFound,New,chrome,desktop,Windows
2988556,,,NotFound,New,chrome,desktop,Windows
2991173,0.0,,Found,Found,chrome,desktop,Windows
2988669,0.0,38406.38,Found,New,chrome,desktop,Windows
2987963,0.0,35470.86,Found,New,chrome,desktop,MacOS
2989739,-10.0,168418.59,Found,Found,nan,desktop,Windows
2991618,0.0,580902.86,NotFound,Found,chrome,desktop,Windows
2987161,-5.0,41795.82,NotFound,Found,firefox,desktop,iOS Device
2989988,0.0,,Found,New,chrome,desktop,Windows
2990988,0.0,291534.35,Found,Found,chrome,desktop,Windows
2991194,0.0,552287.56,NotFound,Found,chrome,desktop,Windows
2990337,0.0,143865.18,Found,New,chrome,desktop,Windows
2990875,,40609.32,NotFound,New,chrome,desktop,MacOS
2987879,,,Found,New,chrome,desktop,MacOS
2991341,-10.0,374411.98,NotFound,New,firefox,desktop,Windows
2988862,,85835.76,NotFound,Found,safari,desktop,Windows
2989205,,199194.62,NotFound,Found,safari,desktop,MacOS
2989830,0.0,221452.11,NotFound,New,chrome,desktop,MacOS
2990364,0.0,,Found,New,chrome,desktop,Windows
2991914,,,Found,Found,safari,desktop,MacOS
2990191,0.0,435186.53,NotFound,nan,chrome,desktop,Windows
2987401,0.0,100803.67,NotFound,New,chrome,desktop,Windows
2988890,0.0,230241.12,NotFound,Found,chrome,desktop,Windows
2987115,,624758.56,Found,Found,chrome,desktop,Windows
2991004,-10.0,151718.25,Found,Found,chrome,desktop,iOS Device
2987824,0.0,241442.36,NotFound,Unknown,chrome,desktop,Windows
2987390,,,Found,New,chrome,desktop,Windows
2990852,,69825.66,NotFound,New,chrome,desktop,Windows
2987212,-100.0,,Found,Found,chrome,mobile,iOS Device
2988672,-5.0,204190.64,NotFound,Found,nan,mobile,Samsung
2987017,0.0,17407.09,NotFound,New,chrome,desktop,Windows
2990734,,3214.36,Found,New,safari,desktop,MacOS
2989235,0.0,,Found,nan,safari,desktop,Windows
2990305,-10.0,174303.38,NotFound,Found,chrome,mobile,Trident
2991325,,131338.99,NotFound,Found,chrome,desktop,Windows
2990420,0.0,138043.79,NotFound,Found,chrome,desktop,Windows
2989924,,308617.19,NotFound,New,chrome,desktop,MacOS
2987319,,40659.15,NotFound,Found,chrome,desktop,Windows
2989946,,192431.17,Found,Found,safari,desktop,MacOS
2990109,-100.0,789505.81,NotFound,nan,chrome,mobile,iOS Device
2990881,,,Found,Found,chrome,desktop,Windows
2991303,0.0,306492.14,Found,Found,chrome,desktop,MacOS
2988849,0.0,114620.13,Found,Found,chrome,desktop,Windows
2990809,0.0,,NotFound,nan,chrome,desktop,Windows
2987362,0.0,96113.74,Found,Found,chrome,desktop,Windows
2988516,0.0,77066.18,nan,New,chrome,desktop,Windows
2990925,0.0,81064.14,NotFound,New,safari,desktop,Windows
2989733,0.0,,NotFound,Unknown,chrome,desktop,MacOS
2987275,0.0,294202.92,NotFound,New,chrome,desktop,Windows
2988333,,154047.93,NotFound,New,chrome,desktop,MacOS
2991056,,556097.21,NotFound,Found,chrome,desktop,Windows
2987343,0.0,285040.77,Found,Unknown,chrome,desktop,Windows
2989505,-5.0,47649.54,nan,Found,chrome,desktop,MacOS
2990350,,455467.73,NotFound,Found,chrome,desktop,MacOS
2987990,0.0,291183.47,Found,Found,chrome,desktop,MacOS
2988633,-10.0,108843.89,Found,Found,nan,desktop,Windows
2990393,0.0,60704.56,NotFound,Found,chrome,desktop,Windows
2987008,-50.0,312768.15,NotFound,Found,chrome,mobile,iOS Device
2988686,0.0,62803.3,NotFound,New,chrome,desktop,Windows
2989952,-20.0,50998.49,Found,New,edge,desktop,iOS Device
2988180,0.0,387023.69,NotFound,New,chrome,mobile,Windows
2991978,0.0,89993.27,NotFound,New,chrome,desktop,Windows
2990367,-10.0,,NotFound,New,chrome,desktop,iOS Device
2989860,0.0,80034.49,nan,New,safari,desktop,Windows
2990311,-10.0,40003.73,NotFound,New,safari,mobile,Windows
2987661,-10.0,77346.45,NotFound,Unknown,ie,desktop,Samsung
2987663,-10.0,134216.05,NotFound,Found,chrome,nan,Samsung
2988189,0.0,258175.32,NotFound,New,safari,desktop,Windows
2990397,0.0,440985.77,Found,Found,chrome,desktop,Windows
2989307,0.0,,NotFound,Found,chrome,desktop,Windows
2987130,-5.0,171484.02,NotFound,New,edge,desktop,Windows
2989344,0.0,292402.41,NotFound,Found,chrome,desktop,MacOS
2990820,0.0,439822.39,nan,New,chrome,desktop,Windows
2990522,0.0,38284.11,Found,Unknown,chrome,desktop,MacOS
2990786,0.0,16883.17,NotFound,New,chrome,desktop,Windows
2991715,-20.0,79043.76,NotFound,Found,safari,desktop,Windows
2988523,0.0,261880.74,NotFound,New,chrome,desktop,Windows
2987024,,,NotFound,nan,chrome,desktop,Windows
2991319,0.0,22615.28,NotFound,New,chrome,desktop,Windows
2987283,-10.0,49797.4,NotFound,Found,nan,mobile,iOS Device
2988212,0.0,,nan,nan,chrome,desktop,Windows
2987547,0.0,247399.63,NotFound,Found,chrome,desktop,Windows
2991637,0.0,102996.99,NotFound,Found,safari,desktop,Windows
2988357,0.0,,Found,Found,safari,nan,Windows
2987325,-5.0,258519.26,NotFound,New,safari,mobile,Windows
2990401,0.0,354423.47,nan,nan,chrome,desktop,Windows
2988235,0.0,264714.39,NotFound,Found,chrome,desktop,Windows
2991205,0.0,32551.0,NotFound,Found,safari,desktop,Windows
2991202,-5.0,110699.43,Found,New,chrome,mobile,Windows
2989874,0.0,,NotFound,Found,chrome,desktop,Windows
2988535,-5.0,197549.15,NotFound,New,safari,desktop,iOS Device
2990261,,14275.31,NotFound,New,chrome,desktop,Windows
2989536,,102326.34,NotFound,nan,chrome,desktop,Windows
2990041,-20.0,1942.08,NotFound,New,chrome,desktop,Trident
2988095,-20.0,98700.06,nan,Found,safari,mobile,iOS Device
2987237,0.0,,NotFound,Found,safari,desktop,Windows
2990860,,67658.59,NotFound,Found,safari,desktop,Windows
2988510,0.0,70700.2,NotFound,Unknown,safari,desktop,MacOS
